id,domain,status,purchase_price,renewal_price,attractiveness,demand,length,registrar,created_at,expires_at,status_verified_at
1c5337a7-a666-42be-b13d-01cc6d0625a3,dispense.immo,available,34.99,34.99,high,low,8,namesilo,,,01/10/2026 04:11
81ce22d2-d893-4f40-bd4d-0932a41ca43b,aeneid.immo,available,36.98,43.98,medium,low,6,namecheap,,,17/09/2026 12:28
ab8ae483-68ca-40a5-a6d7-12866f0dd1e5,rides.immo,available,36.98,43.98,medium,low,5,namecheap,,,17/09/2026 06:42
81990e19-371b-42c0-baa5-2d10b009653a,robbins.immo,available,34.99,34.99,medium,low,7,namesilo,,,29/09/2026 01:23
043a285a-50ba-4cad-8281-8f364b2768e5,righteousness.immo,available,27.2,27.2,medium,low,13,cloudflare,,,30/09/2026 06:14
5faffb68-73d4-4c4e-a1a3-6eb2a2e1989b,jay.immo,available,27.2,27.2,high,low,3,cloudflare,,,30/09/2026 00:45
6e6d8941-2979-4861-9d58-9cb309c6edaa,thug.immo,available,36.98,43.98,medium,low,4,namecheap,,,27/09/2026 08:15
5abf9cd2-d1aa-446d-84fb-c28ecf210b4d,opposed.immo,available,34.99,34.99,high,low,7,namesilo,,,04/09/2026 16:45
814bc67d-e2fd-496b-98fe-448620ec4838,barefoot.immo,available,14.99,45.99,medium,low,8,name.com,,,08/08/2026 18:54
cca41459-8af2-4232-90f0-1733e76e00e7,courage.immo,available,27.2,27.2,high,low,7,cloudflare,,,29/09/2026 04:01
1ce57e1e-84ea-4d42-a62d-5fb5a47299d0,governor.immo,available,34.99,34.99,high,low,8,namesilo,,,27/09/2026 04:15
a5a3a1c7-9cce-4bc9-a40b-c7c9a7c2321b,charlestown.immo,available,34.99,34.99,medium,low,11,namesilo,,,28/09/2026 12:26
36f42174-da06-4d95-93de-4cfb9bcd6ee1,maximal.immo,available,14.99,45.99,high,low,7,name.com,,,24/08/2026 17:54
1e3535b0-61b1-41c7-8196-91b740825e64,familial.immo,available,14.99,45.99,high,low,8,name.com,,,17/08/2026 21:41
e4c34a89-70a2-4204-b878-03eaa1a76fd7,concrete.immo,available,36.98,43.98,high,low,8,namecheap,,,23/09/2026 19:16
cf59bf97-8096-4a39-bddf-6aca4f536e20,musically.immo,available,34.99,34.99,high,low,9,namesilo,,,15/09/2026 15:43
7268f527-2b00-43b6-b585-5bd8caf24410,cernuous.immo,available,14.99,45.99,medium,low,8,name.com,,,12/08/2026 00:44
0500d1f6-0cce-4a91-83a3-c045420675e4,distributors.immo,available,27.2,27.2,medium,low,12,cloudflare,,,02/10/2026 03:29
f13ce91c-ba94-4b90-a0b7-34d56fb6f9e8,muse.immo,available,34.99,34.99,high,medium,4,namesilo,,,29/09/2026 13:29
fd052c9d-a919-49fd-9b9f-ad87799c34c4,barbecue.immo,available,27.2,27.2,high,low,8,cloudflare,,,29/09/2026 01:06
59a06bc6-ff79-4a88-8a6a-f5e42c1e1df4,leftovers.immo,available,8.24,29.11,high,low,9,dynadot,,,01/10/2026 20:16
cdd9ba90-75b4-4976-a225-cb2579dc3925,sheriffs.immo,available,28.15,28.15,medium,low,8,spaceship,,,02/10/2026 03:01
1566d61b-db12-47ac-9d94-2d73e510a2f2,gramme.immo,available,8.24,28.32,high,low,6,porkbun,,,29/09/2026 20:16
df8f12b9-dbda-4eda-b6e1-63a8e4c9d3cf,joy.immo,available,28.15,28.15,high,medium,3,spaceship,,,30/09/2026 00:59
a2e608d5-0226-445d-9be3-4bedf69087e0,alvine.immo,available,14.99,45.99,medium,low,6,name.com,,,
d6cb65b5-c26a-4d66-b6e1-aed4e9a7393a,scar.immo,available,34.99,34.99,high,low,4,namesilo,,,24/09/2026 15:00
88e5a5a4-98e3-40d9-ad48-5b40ce0536e4,bandeau.immo,available,34.99,34.99,medium,low,7,namesilo,,,22/09/2026 01:04
62eb0f3d-db39-4b4a-b7bf-6cc7d33f2969,cast.immo,available,28.15,28.15,high,low,4,spaceship,,,27/09/2026 20:35
95c4cd09-269e-45ff-8509-7b0708ae6cb5,foliate.immo,available,14.99,45.99,high,low,7,name.com,,,18/08/2026 10:15
b9746689-90ad-403e-996d-92240fc0e5c8,exploding.immo,available,27.2,27.2,high,low,9,cloudflare,,,30/09/2026 04:01
8a37e649-016b-400d-ae7e-92104d5bcd6a,eightfold.immo,available,14.99,45.99,medium,low,9,name.com,,,15/08/2026 21:27
73dc81f2-ebba-4169-b4e4-41fc0c454ea9,uninformed.immo,available,34.99,34.99,medium,low,10,namesilo,,,12/09/2026 13:22
59b2c59e-ecf3-4dba-8485-c4938d837f8c,musky.immo,available,34.99,34.99,high,low,5,namesilo,,,03/09/2026 11:33
de53bf10-1021-4f51-b402-dd5ad922a1cf,practicality.immo,available,34.99,34.99,high,low,12,namesilo,,,16/09/2026 09:33
f2197f6e-f277-4343-9a1b-80168cfdd021,inhuman.immo,available,14.99,45.99,medium,low,7,name.com,,,12/08/2026 16:25
0e51f80c-4bac-4e7e-a7ab-646ffda68f8c,communists.immo,available,28.15,28.15,low,low,10,spaceship,,,28/09/2026 13:10
93b34d81-8cf3-42e5-b2f6-200d1b722dfc,austerlitz.immo,available,36.98,43.98,medium,low,10,namecheap,,,21/09/2026 04:41
6fae1334-55c5-465b-b72c-f72ca57eef29,futureless.immo,available,14.99,45.99,low,low,10,name.com,,,18/08/2026 19:15
2892039c-1bd1-4d53-b222-961b4b2be125,perceiver.immo,available,34.99,34.99,high,low,9,namesilo,,,08/09/2026 16:18
139574ac-099f-4f50-92f4-795dabe7ef07,cant.immo,available,34.99,34.99,medium,low,4,namesilo,,,13/09/2026 04:09
30604489-53b7-46e6-8522-6d34388f7e9a,unveil.immo,available,34.99,34.99,high,low,6,namesilo,,,30/09/2026 16:44
2fcf6fd4-eb5c-407a-bf7c-8ed57de2bec5,macbeth.immo,available,34.99,34.99,high,low,7,namesilo,,,29/09/2026 13:20
3f6992d3-36f9-4531-955f-93c672e2479e,palish.immo,available,34.99,34.99,medium,low,6,namesilo,,,04/09/2026 23:41
b1e8d590-986c-41c7-9259-61b98716d5d0,alacrity.immo,available,34.99,34.99,high,low,8,namesilo,,,18/09/2026 01:37
e73e8e28-d342-4be5-8187-b105788b030b,gaynor.immo,available,34.99,34.99,medium,low,6,namesilo,,,02/10/2026 00:11
56ead343-86ca-4b19-9462-06b7a2ece916,married.immo,available,36.98,43.98,high,low,7,namecheap,,,25/09/2026 16:47
a4d181b3-9718-40a7-b5b4-64128956ecfe,midwest.immo,available,28.15,28.15,high,low,7,spaceship,,,29/09/2026 07:37
a6409aa0-3209-4c16-9efd-1467ac9574be,hawaii.immo,premium,109.53,218.86,high,low,6,porkbun,,,28/09/2026 20:42
90999172-60f5-4718-8e2f-b3db1ac07179,halab.immo,available,34.99,34.99,medium,low,5,namesilo,,,18/09/2026 05:12
fab63af9-a104-4a30-9e47-e396203afc15,conveyor.immo,available,34.99,34.99,high,low,8,namesilo,,,02/10/2026 04:26
261ae617-2ff7-4513-b7bc-b508b3028cc9,deleted.immo,available,8.24,29.11,medium,low,7,dynadot,,,29/09/2026 21:19
6a88320b-23a5-450c-b7f9-1f8cb314ef90,realism.immo,available,34.99,34.99,high,low,7,namesilo,,,29/09/2026 13:31
80931b53-7be4-4c75-a0a3-69aea22aeaae,lunger.immo,available,14.99,45.99,medium,low,6,name.com,,,12/08/2026 23:06
437c844e-fbbe-4478-969f-8f18917e84ed,falls.immo,available,27.2,27.2,high,low,5,cloudflare,,,29/09/2026 18:56
779ae90e-192c-465c-ad26-c014bce147ab,warm.immo,available,34.99,34.99,high,low,4,namesilo,,,21/09/2026 21:51
5d8c26c3-a5f5-4d5a-bebd-3cc2d0b2dc89,exploit.immo,available,8.24,28.32,high,low,7,porkbun,,,28/09/2026 19:08
fba0be07-f843-43f7-a196-c6a2c2ec3c83,listeners.immo,available,28.15,28.15,medium,low,9,spaceship,,,29/09/2026 17:43
8f08d123-0481-4ce7-a3b7-6a13b83699f4,schedules.immo,available,27.2,27.2,medium,low,9,cloudflare,,,29/09/2026 05:57
dea5eab2-6fd8-429c-83f8-8432e2550eb4,feminism.immo,available,28.15,28.15,high,low,8,spaceship,,,29/09/2026 19:12
a1a3b1e5-de75-405c-a5c4-931dd1a8d87d,muhlenberg.immo,available,34.99,34.99,medium,low,10,namesilo,,,02/10/2026 01:03
e8292fd0-947c-4b4b-9104-71ce81b8f853,chevrolet.immo,available,34.99,34.99,high,low,9,namesilo,,,01/10/2026 23:54
242c9c4d-45cf-4095-94d0-c1042e2915fd,eyelike.immo,available,14.99,45.99,medium,low,7,name.com,,,17/08/2026 20:04
ae323999-1bdb-4b5c-a751-28a1af9b584f,biogenic.immo,available,14.99,45.99,high,low,8,name.com,,,10/08/2026 01:27
98a2cf92-4c67-4960-84a7-17821478b968,hangbird.immo,available,34.99,34.99,medium,low,8,namesilo,,,22/09/2026 00:20
a194f958-2542-45c4-b78d-10b1607b0c03,psychiatrists.immo,available,34.99,34.99,medium,low,13,namesilo,,,01/10/2026 00:58
92b4ca83-9ddc-4535-9af4-234d5e95388d,parlor.immo,available,28.15,28.15,high,low,6,spaceship,,,29/09/2026 07:00
4cc7411b-d5cc-402f-9a3f-53473e154631,scanner.immo,available,28.15,28.15,high,low,7,spaceship,,,28/09/2026 18:57
536d76b4-4257-42d4-ad2f-ea4e76688a43,spellbound.immo,available,14.99,45.99,high,low,10,name.com,,,17/08/2026 22:54
590fefca-0aa1-4d0f-a63f-c2a085694c09,cockmaster.immo,available,27.2,27.2,low,low,10,cloudflare,,,01/10/2026 07:58
f25022b7-c759-415e-a440-adc152126cd6,automatically.immo,available,28.15,28.15,medium,low,13,spaceship,,,28/09/2026 07:07
44024dbd-5077-4b22-b600-49450196dfbe,oreo.immo,available,28.15,28.15,high,low,4,spaceship,,,30/09/2026 06:13
8fc6f5ed-2ca5-4b7f-91b0-826b878ec0f3,bootleg.immo,available,36.98,43.98,high,low,7,namecheap,,,22/09/2026 21:19
0baee14a-89e2-474e-b6bf-bebd4d87dd77,adverbs.immo,available,34.99,34.99,medium,low,7,namesilo,,,18/09/2026 21:42
b482153d-543f-4049-a89e-eb9adaea3b35,eggplant.immo,available,34.99,34.99,high,low,8,namesilo,,,21/09/2026 02:30
89d8af81-eaf6-4e12-beeb-640f2e72970b,democrats.immo,available,8.24,28.32,medium,low,9,porkbun,,,30/09/2026 00:47
299899a0-6084-4a8f-acaa-4a4a983b6fc6,chavez.immo,available,28.15,28.15,high,low,6,spaceship,,,28/09/2026 01:29
4ffc8eba-099d-4d81-bd93-2ef095af1ea2,autumn.immo,available,28.15,28.15,high,low,6,spaceship,,,28/09/2026 23:31
75bc817a-778f-4889-918d-0e31b6b5b34b,guilty.immo,available,14.99,45.99,high,low,6,name.com,,,20/08/2026 20:50
5a60808a-fbde-4d04-b779-243da7a8e4fd,airbrush.immo,available,34.99,34.99,high,low,8,namesilo,,,17/09/2026 23:00
3dce4cc7-00ce-4161-be41-e9ecd9da87e8,annulus.immo,available,36.98,43.98,medium,low,7,namecheap,,,19/09/2026 03:40
8c4dca6f-3a59-43d0-8e4a-064a573cc8f4,blackish.immo,available,14.99,45.99,medium,low,8,name.com,,,10/08/2026 12:03
02357173-299e-40cb-9ae6-d6b30d15a08c,myrtle.immo,available,28.15,28.15,medium,low,6,spaceship,,,30/09/2026 18:06
e5c53792-0eff-464f-ae65-6d299b258dc6,resinous.immo,available,34.99,34.99,medium,low,8,namesilo,,,09/09/2026 15:13
ba208197-a43a-4b4e-a923-23cdc1b1781c,woke.immo,available,8.24,29.11,high,low,4,dynadot,,,28/09/2026 12:32
7a001e4b-7f55-4cc6-9488-0219230b17c1,lxvii.immo,available,14.99,45.99,medium,low,5,name.com,,,
1744b661-c713-4216-b880-47aba1a9242e,effortless.immo,available,14.99,45.99,high,low,10,name.com,,,15/08/2026 16:21
1374c053-960c-4c8f-be05-2b768c3b8060,rodney.immo,available,36.98,43.98,high,low,6,namecheap,,,28/09/2026 03:52
5bcb133e-2152-4c5e-ba63-3569843c401a,traits.immo,available,34.99,34.99,medium,low,6,namesilo,,,30/09/2026 06:21
fe338984-d9e4-4657-83fd-80543adcf931,clams.immo,available,34.99,34.99,high,low,5,namesilo,,,24/09/2026 06:47
55101e61-b7c6-430d-b286-de86b55a5f3d,challenge.immo,available,34.99,34.99,high,low,9,namesilo,,,29/09/2026 07:59
97cb7c1b-e018-4853-a08a-e0359d252c24,temporal.immo,available,34.99,34.99,high,low,8,namesilo,,,11/09/2026 11:00
f1388efe-d9a8-44d3-b4fa-1b202ce5c815,swanson.immo,available,34.99,34.99,high,low,7,namesilo,,,28/09/2026 02:01
d710e2b5-93f7-47e1-883f-90974b05040a,lachlan.immo,available,34.99,34.99,medium,low,7,namesilo,,,02/10/2026 04:04
7b35366d-410f-48de-ab4d-4cdb5414957c,babylonian.immo,available,14.99,45.99,medium,low,10,name.com,,,08/08/2026 03:58
a021df0d-8200-44df-9331-163d1a65d88a,lank.immo,available,14.99,45.99,medium,low,4,name.com,,,22/08/2026 19:32
b4ca84ad-5460-4479-8b88-b08b33527670,revolved.immo,available,36.98,43.98,medium,low,8,namecheap,,,27/09/2026 14:41
8ebaf3be-cbfd-48bf-a491-9a435e4a9500,senior.immo,available,34.99,34.99,high,low,6,namesilo,,,21/09/2026 22:36
6dae3786-75d4-4413-bd0b-7ff26f497ead,assyria.immo,available,34.99,34.99,medium,low,7,namesilo,,,20/09/2026 16:47
31eece63-dbe6-4842-85a3-7fc66d369789,secretive.immo,available,14.99,45.99,medium,low,9,name.com,,,12/08/2026 12:18
027f3bae-4633-4474-8425-aae21840931c,chunky.immo,available,14.99,45.99,high,low,6,name.com,,,12/08/2026 07:44
5d03102f-59fb-4843-a881-ae38fe09023d,wolves.immo,available,34.99,34.99,medium,low,6,namesilo,,,28/09/2026 04:21
d291e28b-f2f2-423e-a8a1-591146398394,xml.immo,available,34.99,34.99,medium,low,3,namesilo,,,27/09/2026 02:25
33399cb6-5031-4d71-9fb5-0ae27e1ccbb0,spare.immo,available,34.99,34.99,high,low,5,namesilo,,,24/09/2026 15:52
375f492a-6c5a-41d3-ba5b-41703cdb7491,wives.immo,available,14.99,,medium,low,5,name.com,,,
b18116c2-1995-4a47-a0dd-57a7f1c357a8,orchid.immo,available,36.98,43.98,high,low,6,namecheap,,,28/09/2026 20:03
a4f26228-fc37-4ce6-9cdd-0090c0b1e813,changed.immo,available,14.99,45.99,high,low,7,name.com,,,12/08/2026 01:53
a4b243e4-1c16-4146-bb76-0502c60de15a,conversation.immo,available,34.99,34.99,high,low,12,namesilo,,,26/09/2026 00:44
bc086db3-9127-46be-9bd1-eacb12040121,resister.immo,available,14.99,45.99,medium,low,8,name.com,,,17/09/2026 10:48
9ed66dbf-77d4-4769-a40e-83d2f5a97c82,bruise.immo,available,28.15,28.15,medium,low,6,spaceship,,,29/09/2026 04:45
ad5214c2-5eea-49fd-866c-4740b725168d,vitaliser.immo,available,36.98,43.98,medium,low,9,namecheap,,,19/09/2026 09:12
3036e13b-7480-4365-9e4f-ce94c4a3396a,glue.immo,available,27.2,27.2,high,low,4,cloudflare,,,29/09/2026 20:54
d7d9d46c-6a09-4a1d-b6b4-89d2463837fb,unconscious.immo,available,14.99,45.99,medium,low,11,name.com,,,26/09/2026 03:06
528b0e9a-e3da-4790-b28e-76fc21995c65,barrio.immo,available,34.99,34.99,high,low,6,namesilo,,,22/09/2026 08:38
326923af-52de-4e16-9a3a-eaea13870e52,patriotic.immo,available,34.99,34.99,high,low,9,namesilo,,,27/09/2026 03:06
d833efca-3bbb-4716-8c2c-bc925c32f7ae,barony.immo,available,34.99,34.99,high,low,6,namesilo,,,22/09/2026 07:36
46fdae4c-10d1-4d48-a443-e3e97995ee3d,based.immo,available,27.2,27.2,high,medium,5,cloudflare,,,29/09/2026 17:50
070dbc8a-5a06-4d18-abb2-935f6dee6f95,mosey.immo,available,36.98,43.98,high,low,5,namecheap,,,18/09/2026 17:00
fcd78d80-0bb0-4732-a327-81da4a4738d6,deborah.immo,available,34.99,34.99,medium,low,7,namesilo,,,28/09/2026 12:59
53e23bc4-f381-4e01-ab0f-7a54b8ef093a,uninvited.immo,available,34.99,34.99,medium,low,9,namesilo,,,12/09/2026 13:33
96e2e89f-387e-40e8-868c-e353b42c95e0,getatable.immo,available,14.99,45.99,medium,low,9,name.com,,,18/08/2026 23:00
aed112a5-4feb-4aff-8c77-0d1face4843d,preacher.immo,available,34.99,34.99,high,low,8,namesilo,,,27/09/2026 15:23
efe453d7-2d3a-41d9-b650-a3050c9400cf,dopy.immo,available,14.99,45.99,low,low,4,name.com,,,14/08/2026 16:02
fbbcf432-062e-49a4-8295-beb5e8be4f3b,fondly.immo,available,36.98,43.98,high,low,6,namecheap,,,14/09/2026 19:12
df0cfcf9-809c-40b3-aa17-03af6afc9120,lyons.immo,available,34.99,34.99,high,low,5,namesilo,,,25/09/2026 06:03
424d7b3d-8e5e-4d0d-8c4b-b217865a8563,lerner.immo,available,36.98,43.98,high,low,6,namecheap,,,18/09/2026 01:44
bb21da8f-17c9-4727-9d2b-a633d0ec8e42,kanagawa.immo,available,27.2,27.2,medium,low,8,cloudflare,,,30/09/2026 05:13
6b87601d-b93c-4d67-884b-4994a6da88ee,aculea.immo,available,34.99,34.99,low,low,6,namesilo,,,17/09/2026 05:32
2c834cda-4bfc-42e5-862b-76c6b3ab92ae,goodly.immo,available,14.99,45.99,high,low,6,name.com,,,20/08/2026 16:36
80e754e7-dfba-441a-a55c-b62b47b1b292,mantle.immo,available,34.99,34.99,medium,low,6,namesilo,,,28/09/2026 18:42
d9714c24-56ec-4e0d-b608-c3863bb8f885,peck.immo,available,14.99,45.99,high,low,4,name.com,,,25/08/2026 00:37
9c3a7d0c-d710-4b7e-86e5-ebdaf96cbc66,lazio.immo,premium,414.2,414.2,high,low,5,spaceship,,,30/09/2026 17:51
c43e0274-a28f-4a01-907f-00915e0fc34d,portable.immo,available,34.99,34.99,high,low,8,namesilo,,,27/09/2026 04:40
8e331315-6d57-4bac-b149-8de5a0121cbd,ahuehuete.immo,available,36.98,43.98,medium,low,9,namecheap,,,17/09/2026 20:34
dc9a12ef-a20c-4e20-9a8c-b699c5cfd69c,airy.immo,available,14.99,45.99,high,low,4,name.com,,,
b5ec7a87-d2f3-430f-a3fb-f5f3d8396120,lustfully.immo,available,34.99,34.99,medium,low,9,namesilo,,,15/09/2026 13:12
bb8812e0-1be4-428f-94a7-0879b1072b31,sunflower.immo,available,28.15,28.15,high,low,9,spaceship,,,30/09/2026 10:06
83372af0-5ddf-41c5-8370-37bdfb03ea2a,giles.immo,available,27.2,27.2,medium,low,5,cloudflare,,,30/09/2026 04:47
c1e86641-e0d2-45fe-bd8d-22df8f9b40d9,archine.immo,available,34.99,34.99,medium,low,7,namesilo,,,20/09/2026 02:10
d8157e4f-8308-411a-a52f-071ebb51917b,cracking.immo,available,8.24,28.32,high,low,8,porkbun,,,01/10/2026 15:30
8cd7d374-82e6-4221-8fb9-f3d166f851cd,lieu.immo,available,34.99,34.99,high,low,4,namesilo,,,02/10/2026 05:37
c401a955-86e0-46a6-9f77-3be7634f3fb0,operated.immo,available,28.15,28.15,high,low,8,spaceship,,,01/10/2026 20:01
434fe2f8-f295-4b69-badc-0759677be4aa,unmanned.immo,available,34.99,34.99,medium,low,8,namesilo,,,09/09/2026 13:50
05260b4b-5982-451f-bdf0-46584a6e3f74,woodward.immo,available,34.99,34.99,medium,low,8,namesilo,,,29/09/2026 06:07
e36afc2e-e7b5-41b7-aba7-98d2836028ae,alternate.immo,available,36.98,43.98,high,low,9,namecheap,,,22/09/2026 02:29
75f8a390-b1f3-44b7-90ed-de389e6686f3,bimetal.immo,available,14.99,45.99,high,low,7,name.com,,,09/08/2026 22:52
5f2a2735-f2c2-460c-a1c1-337a65428f49,kay.immo,available,34.99,34.99,high,low,3,namesilo,,,26/09/2026 00:52
9079c26d-744b-43ff-91a5-adb8e728d6d5,neotenous.immo,available,34.99,34.99,medium,low,9,namesilo,,,03/09/2026 15:33
b2d3947c-0349-4d4a-bfef-5cd841443605,brochure.immo,available,34.99,34.99,high,low,8,namesilo,,,24/09/2026 07:07
b887ec5a-b12f-4380-b49f-0d0506d8c48b,usn.immo,available,34.99,34.99,medium,low,3,namesilo,,,28/09/2026 15:31
43e33250-5482-4fe4-b949-45df45d42921,abactinal.immo,available,14.99,45.99,medium,low,9,name.com,,,
94b58eb6-7fae-48d9-b279-25b7262dbad9,leith.immo,available,28.15,28.15,medium,low,5,spaceship,,,28/09/2026 16:45
64e804c6-215b-4325-a99f-26c0265ebca7,pao.immo,available,36.98,43.98,high,low,3,namecheap,,,29/09/2026 09:17
4e08b94f-2e8c-466a-a69f-f6bb67b43590,nobel.immo,available,34.99,34.99,high,low,5,namesilo,,,18/09/2026 06:24
c083fd95-1a09-42a9-ba15-1f631de83f43,skillful.immo,available,34.99,34.99,high,low,8,namesilo,,,21/09/2026 17:27
19a00563-554e-4348-b94a-d68df642c25a,joliet.immo,available,28.15,28.15,medium,low,6,spaceship,,,29/09/2026 01:26
e1ee0d47-a3d8-4453-b5ee-33d65519612e,ascensive.immo,available,14.99,45.99,medium,low,9,name.com,,,07/08/2026 00:46
1ea186a9-a9b0-4101-bfa7-6b4ad02147b9,snatched.immo,available,28.15,28.15,medium,low,8,spaceship,,,29/09/2026 21:12
69be62e3-516a-49c1-b500-278ad0e83627,painfully.immo,available,34.99,34.99,medium,low,9,namesilo,,,14/09/2026 13:22
cc39f902-a43b-4515-9517-c909b959d145,interviews.immo,available,28.15,28.15,medium,low,10,spaceship,,,28/09/2026 09:06
6f57e0ae-9095-4832-ac6d-d41b28a020cf,marriages.immo,available,28.15,28.15,medium,low,9,spaceship,,,28/09/2026 18:09
ca715890-ab66-496e-9357-f097adba08b1,barbican.immo,available,36.98,43.98,medium,low,8,namecheap,,,22/09/2026 04:18
941ba617-e3a3-429b-8e1b-c68582386664,dalliance.immo,available,34.99,34.99,medium,low,9,namesilo,,,11/09/2026 19:38
aa5bd5c5-3a4f-40a2-8d65-01e25edc41a3,warden.immo,available,27.2,27.2,high,low,6,cloudflare,,,27/09/2026 16:17
4382f7cb-b547-43f3-a95d-23dcef85b2f2,oviedo.immo,available,36.98,43.98,medium,low,6,namecheap,,,30/09/2026 10:41
c4d3c612-6de2-4c01-9eba-80c8bd1d5619,stretcher.immo,available,34.99,34.99,high,low,9,namesilo,,,30/09/2026 16:46
e5b3ecbb-95e9-49b5-9b45-e27dcad42c1f,beverly.immo,available,36.98,43.98,high,low,7,namecheap,,,25/09/2026 21:21
612a7869-8747-4cfd-b9df-3088a50b7982,supports.immo,available,34.99,34.99,medium,low,8,namesilo,,,17/09/2026 06:20
987ac895-0803-4d81-896b-49c8d73dcbd0,sweets.immo,available,28.15,28.15,high,low,6,spaceship,,,01/10/2026 15:28
d23fed3e-52af-4ee5-92aa-30c42be59487,joanne.immo,available,27.2,27.2,high,low,6,cloudflare,,,27/09/2026 19:17
f16b778d-e46d-4b81-958b-e635628a4d06,homicide.immo,available,34.99,34.99,medium,low,8,namesilo,,,25/09/2026 07:26
3e36df9b-8f4c-41cc-8068-2fd98ee76824,hypnosis.immo,available,28.15,28.15,high,low,8,spaceship,,,29/09/2026 19:14
12c833aa-744a-4e3c-adde-9ce916d68cac,monty.immo,available,34.99,34.99,medium,low,5,namesilo,,,28/09/2026 11:58
5b49dbc3-e47d-439f-892b-ea750d275934,reproduce.immo,available,28.15,28.15,high,low,9,spaceship,,,28/09/2026 20:51
5bd817ce-d0a9-419e-aec8-8b71841ab1ee,mutely.immo,available,34.99,34.99,medium,low,6,namesilo,,,15/09/2026 15:47
6500418d-7030-43ce-b9ca-510adf1ac3fd,dinesen.immo,available,34.99,34.99,medium,low,7,namesilo,,,22/09/2026 07:24
57f04e65-6697-4370-97b2-20b531885b3c,losses.immo,available,34.99,34.99,medium,low,6,namesilo,,,28/09/2026 10:16
1e32b19b-1130-418a-bb40-99384b192dd0,tier.immo,available,34.99,34.99,high,low,4,namesilo,,,30/09/2026 11:11
039ee369-d53d-4c2b-b00c-20d71e72b4b5,stream.immo,available,34.99,34.99,high,medium,6,namesilo,,,27/09/2026 05:33
a6e8d1a4-d916-4433-8fbf-5a8b86b8eee4,arius.immo,available,34.99,34.99,medium,low,5,namesilo,,,20/09/2026 06:03
ffd40ce6-4d9a-40a6-884b-5674862f4416,snoop.immo,available,36.98,43.98,high,low,5,namecheap,,,01/10/2026 21:43
ab8d1f65-d3dd-43fd-a754-79f7eb3a6389,mayne.immo,available,28.15,28.15,high,low,5,spaceship,,,01/10/2026 07:26
356e90d3-d574-49d5-bfbd-520a9a8b1a65,asylum.immo,available,36.98,43.98,high,low,6,namecheap,,,20/09/2026 18:37
ee1435ed-9e83-47d3-ba4e-c511aaf9ce56,recreated.immo,available,34.99,34.99,medium,low,10,namesilo,,,09/09/2026 10:49
2b1f45f7-c46b-4648-81de-b65f48bc0ec3,tooth.immo,available,36.98,43.98,high,low,5,namecheap,,,19/09/2026 18:20
b89697be-1666-4be2-9815-1b3733602b6c,ignoring.immo,available,28.15,28.15,medium,low,8,spaceship,,,28/09/2026 11:32
75feec89-7547-4703-bcda-054e22c25a64,wastebin.immo,available,36.98,43.98,medium,low,8,namecheap,,,20/09/2026 13:38
45440de3-5e2f-4b0b-9fa4-3cd6dce85ad0,phrases.immo,available,14.99,,medium,low,7,name.com,,,
210a8bcd-b4e6-4eee-947d-a1f1eb82d0c8,kitchens.immo,available,36.98,43.98,medium,low,8,namecheap,,,02/10/2026 03:24
0ccfff9f-df59-4cc6-9a46-8e43a35a42c2,diverting.immo,available,14.99,45.99,medium,low,9,name.com,,,
2428bcbb-ac90-4377-b71a-19151cba17db,languorous.immo,available,14.99,45.99,medium,low,10,name.com,,,22/08/2026 18:05
e4170b61-21f8-45b1-801a-8ca1b653c174,sorely.immo,available,36.98,43.98,medium,low,6,namecheap,,,16/09/2026 05:13
64fc0634-43fa-4771-a36b-f2fafcf55765,percival.immo,available,28.15,28.15,high,low,8,spaceship,,,28/09/2026 16:27
d6e6ba5a-46da-4161-b1b8-e58034d1fe35,inhalant.immo,available,14.99,45.99,high,low,8,name.com,,,22/08/2026 05:02
eb90053c-b083-4e06-b6f4-882c9a921e82,kendra.immo,available,34.99,34.99,high,low,6,namesilo,,,01/10/2026 07:27
403a0775-c8ad-415d-9f28-25982b65ee21,perfidious.immo,available,34.99,34.99,medium,low,10,namesilo,,,08/09/2026 16:31
fb4e535d-46f6-4890-881b-68c968f53ee6,magnified.immo,available,14.99,45.99,high,low,9,name.com,,,24/08/2026 13:08
4ce13d34-7d40-4a45-a267-2a08bd114bda,diagnosed.immo,available,34.99,34.99,medium,low,9,namesilo,,,28/09/2026 23:36
9deed582-be67-45c7-a7cf-ada77fc557cd,profitability.immo,available,34.99,34.99,high,low,13,namesilo,,,30/09/2026 13:44
6dd88697-b016-40b0-8c9f-0f4b1e7a4da0,bleach.immo,available,34.99,34.99,high,low,6,namesilo,,,24/09/2026 03:49
8525b894-f442-4ff5-a13f-1de79e9afaee,tried.immo,available,59.99,59.99,high,low,5,godaddy,,,28/09/2026 02:21
16dff721-fc23-4b68-9cbe-548437799772,blackmailing.immo,available,34.99,34.99,medium,low,12,namesilo,,,01/10/2026 23:58
73099de3-06ee-4760-9023-e1fa40523034,rape.immo,available,34.99,34.99,high,low,4,namesilo,,,24/09/2026 08:17
6f18079c-5763-4ae1-b2ff-0167cdf51c97,anasazi.immo,available,34.99,34.99,medium,low,7,namesilo,,,19/09/2026 03:16
0345c018-339e-4191-b5cb-76f084b71298,coherent.immo,available,14.99,45.99,high,low,8,name.com,,,12/08/2026 16:00
be857c58-f542-4cb4-9c83-d07b6fb26f55,protestant.immo,available,34.99,34.99,high,low,10,namesilo,,,09/09/2026 04:08
281e0bae-f04c-4422-80c6-bc487a6223bc,pliability.immo,available,36.98,43.98,medium,low,10,namecheap,,,23/09/2026 07:42
d99ee0aa-c068-4ce9-ae78-bf1c63ae6516,thundering.immo,available,34.99,34.99,high,low,10,namesilo,,,11/09/2026 15:14
c501832e-ed4f-4a65-9217-80bb5e50b220,sixth.immo,available,14.99,45.99,high,low,5,name.com,,,
baeeae88-88ae-410f-9a57-9f7e4dd020b7,sextuple.immo,available,34.99,34.99,medium,low,8,namesilo,,,10/09/2026 05:19
7ce1e0c1-1783-4764-b0ec-31b702d3385e,hedge.immo,available,28.15,28.15,high,low,5,spaceship,,,29/09/2026 22:33
f7fa7ea2-c2e7-477d-9ab2-8c4212ed2b9b,dialectic.immo,available,14.99,45.99,high,low,9,name.com,,,14/08/2026 05:50
b087c78f-4476-4fbf-8a28-20865bc8d984,aperea.immo,available,34.99,34.99,medium,low,6,namesilo,,,19/09/2026 16:31
394c1c81-e557-423e-b5d8-643e31aa5539,escapade.immo,available,34.99,34.99,high,low,8,namesilo,,,17/09/2026 10:37
453d9e8f-f0b8-42ab-91a0-12bf5254a470,quiet.immo,available,34.99,34.99,high,low,5,namesilo,,,23/09/2026 12:30
71b36f7a-ac2b-406a-a6d2-09fcacbd30be,squeezing.immo,available,34.99,34.99,high,low,9,namesilo,,,30/09/2026 18:49
d4e83fbc-2ecb-4046-96b7-774d1b25d7bc,inglorious.immo,available,14.99,45.99,medium,low,10,name.com,,,21/08/2026 18:25
7290ea26-737d-4636-859f-d649e892a1c0,candour.immo,available,36.98,43.98,high,low,7,namecheap,,,24/09/2026 12:03
155af19f-79af-4ba3-b674-810416f6df8f,flemish.immo,available,14.99,45.99,high,low,7,name.com,,,18/08/2026 07:56
2ced28ca-3631-4216-9111-9b1296a6d50a,worry.immo,available,28.15,28.15,high,low,5,spaceship,,,29/09/2026 22:21
f2caf52f-67fd-42c5-bc7f-eb05ec9350a5,disunite.immo,available,14.99,45.99,medium,low,8,name.com,,,14/08/2026 11:14
b1ab631d-0d1b-44ba-ac1c-d1d77c1c480b,tenfold.immo,available,14.99,45.99,high,low,7,name.com,,,14/08/2026 01:44
ed1868fa-defb-439f-8b07-6998a2501c1d,intimidation.immo,available,27.2,27.2,medium,low,12,cloudflare,,,30/09/2026 06:21
d2bc8c2c-a5f4-4150-ab32-0d61b9f20baa,coexisting.immo,available,14.99,45.99,medium,low,10,name.com,,,12/08/2026 15:32
a6abe61a-e71f-4a3f-ab6a-994708ff9357,altruist.immo,available,28.15,28.15,high,low,8,spaceship,,,28/09/2026 20:46
e6a389ed-3212-463a-8d7c-2b185f1d8884,concept.immo,premium,512,512,high,low,7,namesilo,,,24/09/2026 17:05
59d9246b-8adf-4311-90e5-48de1484e95d,slant.immo,available,14.99,45.99,high,low,5,name.com,,,22/08/2026 22:07
bf5c263b-1575-4afa-9e97-7aaf25231a56,rhodesian.immo,available,14.99,45.99,high,low,9,name.com,,,09/09/2026 16:41
a0a1b092-0490-4c37-a582-292837692979,tulsa.immo,premium,,,high,low,5,,,,29/09/2026 08:15
4d3c3c3d-3144-47d0-bdd4-4bac6dbe1a7c,goat.immo,available,27.2,27.2,high,medium,4,cloudflare,,,29/09/2026 07:28
e9b77cf3-f25e-4fae-bd94-20b15f78a3fc,scriptural.immo,available,14.99,45.99,medium,low,10,name.com,,,09/08/2026 18:55
2319d96f-928f-4085-b874-a72418fff1f9,fleetly.immo,available,36.98,43.98,high,low,7,namecheap,,,14/09/2026 18:56
51b3157e-d3b7-43f8-b7e8-8e376e011d6c,mining.immo,available,27.2,27.2,high,low,6,cloudflare,,,30/09/2026 04:33
a82ecb3c-4838-457a-96dc-548ebc5a3691,devotes.immo,available,34.99,34.99,medium,low,7,namesilo,,,20/09/2026 02:04
46943e01-467e-418d-8f4d-22513d72dcb8,courts.immo,available,34.99,34.99,high,low,6,namesilo,,,28/09/2026 03:42
9b3113e6-bd8b-47f5-8285-62ecbe17add6,unsigned.immo,available,36.98,43.98,medium,low,8,namecheap,,,12/09/2026 19:55
e2735a2a-004b-489e-89db-d18a3ab377f9,additional.immo,available,34.99,34.99,high,low,10,namesilo,,,21/09/2026 17:14
b01fd068-4d93-4238-ae94-634d4b289c0d,santo.immo,available,34.99,34.99,high,low,5,namesilo,,,25/09/2026 11:17
8cbd650c-f734-4365-80f4-c7fcedc77d38,brabble.immo,available,36.98,43.98,medium,low,7,namecheap,,,23/09/2026 13:20
9791f277-799a-48e0-a5a2-95f46956d118,europa.immo,premium,520,520,high,low,6,namecheap,,,02/10/2026 04:45
cde04a92-c410-4005-ad72-445a29b8c396,bermudian.immo,available,14.99,45.99,medium,low,9,name.com,,,09/08/2026 15:15
bb65d947-dd54-472d-96ff-b97ff33d7c45,slammed.immo,available,8.24,28.32,medium,low,7,porkbun,,,30/09/2026 03:50
42026854-f923-476e-bf8d-77eb8283d983,asad.immo,available,34.99,34.99,medium,low,4,namesilo,,,02/10/2026 00:56
0ffa83fe-c200-412d-b655-01379f2b3c63,rag.immo,available,34.99,34.99,high,low,3,namesilo,,,24/09/2026 12:22
de4dfb0e-4375-476f-bc49-fdeae4ce39a3,theories.immo,available,34.99,34.99,medium,low,8,namesilo,,,01/10/2026 03:41
e08bcd1b-fdd1-46fe-bad6-d13f0d39cfc3,albatross.immo,available,36.98,43.98,high,low,9,namecheap,,,18/09/2026 02:28
bf6278dc-d666-4293-9cc1-7d814114867c,yobbo.immo,available,14.99,45.99,medium,low,5,name.com,,,11/08/2026 08:50
a4238417-2588-48e9-895c-828094fa1a1c,herd.immo,available,34.99,34.99,high,low,4,namesilo,,,24/09/2026 19:45
a587610f-fe7c-45ed-8116-f62e6daa28eb,sorrowful.immo,available,34.99,34.99,medium,low,9,namesilo,,,10/09/2026 14:37
20a20ba5-578a-44c6-8dfb-687dc7351c25,retainer.immo,available,34.99,34.99,high,low,8,namesilo,,,30/09/2026 02:42
7f193aa2-e2b9-4c09-9933-17f7365bddac,handicap.immo,available,34.99,34.99,high,low,8,namesilo,,,24/09/2026 07:39
956daaf8-3f2d-4685-8f8c-69112394deee,confidence.immo,available,34.99,34.99,high,low,10,namesilo,,,20/09/2026 16:46
cebe7a99-683c-4f52-8b96-4b74047bed47,timeline.immo,available,36.98,43.98,high,low,8,namecheap,,,27/09/2026 05:39
7087d010-3b68-49b5-af58-5c38386bdb05,flea.immo,available,28.15,28.15,high,low,4,spaceship,,,29/09/2026 06:57
6155814e-4085-4757-86b7-8f4d98e70281,goldwyn.immo,available,8.24,28.32,medium,low,7,porkbun,,,30/09/2026 17:29
8e780433-2a75-44d2-a865-620be85203da,coppery.immo,available,14.99,45.99,medium,low,7,name.com,,,13/08/2026 00:34
9e9a7ba2-73fa-453d-b43f-24f65b81cfd9,fabricated.immo,available,14.99,45.99,medium,low,10,name.com,,,17/08/2026 20:15
29a83f76-d213-432a-94bc-4ef3d8e7ae7c,franco.immo,available,28.15,28.15,high,low,6,spaceship,,,29/09/2026 06:44
980a9b91-e4f9-4d28-a5cb-1352cf315391,supervillains.immo,available,34.99,34.99,low,low,13,namesilo,,,21/09/2026 05:46
401aeebf-42cb-42a8-a33b-e8ecf19f8fc0,advertisements.immo,available,14.99,,medium,low,14,name.com,,,
89b14b3d-c31a-43a8-924f-d45164ca9b5c,cloaked.immo,available,14.99,45.99,medium,low,7,name.com,,,12/08/2026 11:28
c1d6187e-5511-4e16-93a9-5829b94b67f2,disrespectful.immo,available,28.15,28.15,medium,low,13,spaceship,,,30/09/2026 19:29
5072c9c8-58f7-47c1-b70c-1eb320df4f7a,buy.immo,resell,,,high,medium,3,Dynadot Inc,18/04/2025 19:24,18/04/2027 19:24,01/10/2026 08:07
3b8de6e9-eb26-473d-9bea-3af9b53ec55d,fluids.immo,available,28.15,28.15,medium,low,6,spaceship,,,28/09/2026 17:17
519f60f7-c3e9-4e91-8b04-8e17ee99f321,outline.immo,available,34.99,34.99,high,low,7,namesilo,,,24/09/2026 23:45
f1981439-9c6b-499a-812f-1bfb103ad868,watchman.immo,available,27.2,27.2,high,low,8,cloudflare,,,30/09/2026 18:36
30b32cc7-7358-474c-9c1f-cb5e9d1a8ec1,northrop.immo,available,27.2,27.2,medium,low,8,cloudflare,,,28/09/2026 10:11
ead2b224-b2ba-4db6-a4e4-a088767e3599,cub.immo,available,36.98,43.98,high,low,3,namecheap,,,24/09/2026 20:02
564f52b7-e327-4854-a6f8-a110492f3f65,cordova.immo,available,34.99,34.99,high,low,7,namesilo,,,29/09/2026 11:58
09d189f6-4459-444d-802d-18460af993cd,sapiens.immo,available,34.99,34.99,high,low,7,namesilo,,,19/09/2026 15:49
031d3659-81dd-4881-9b93-3bf4e2208f6d,venturous.immo,available,14.99,45.99,medium,low,9,name.com,,,13/08/2026 17:49
9eb10d8f-f9ec-4770-90ca-80a45e57ad10,francesca.immo,available,14.99,,high,low,9,name.com,,,
4b268c0f-ddd0-46b2-a2a2-2db7acdcbe7e,colonic.immo,available,14.99,45.99,medium,low,7,name.com,,,12/08/2026 17:22
055d3d1e-4d67-4d0d-b1e7-429b88b77ea4,orthogonal.immo,available,14.99,45.99,high,low,10,name.com,,,17/08/2026 19:23
1a7a1a20-e50b-4841-ac02-52959542f5d8,amusing.immo,available,14.99,45.99,high,low,7,name.com,,,
0db39858-91ac-4053-8dc7-f32f425c109a,infancy.immo,available,34.99,34.99,high,low,7,namesilo,,,21/09/2026 13:47
53a0c260-bd96-4e40-b056-bed3819071dc,wellbeing.immo,available,34.99,34.99,high,low,9,namesilo,,,28/09/2026 09:56
b6262a77-afa9-47c9-9bf7-c6d31850dfaf,aroid.immo,available,14.99,45.99,medium,low,5,name.com,,,06/08/2026 11:30
cd3a5b5a-e008-45cc-a4d1-b4eb61388649,bolts.immo,available,34.99,34.99,medium,low,5,namesilo,,,18/09/2026 04:01
a4400293-8227-47db-872a-791bbbea70e6,unceasing.immo,available,14.99,45.99,medium,low,9,name.com,,,
40521978-bb10-4683-be42-eee662d8dab6,feldman.immo,available,36.98,43.98,medium,low,7,namecheap,,,27/09/2026 20:17
0cbbafd9-ddba-42b9-98f3-7f3fcbd7b47b,branch.immo,available,28.15,28.15,high,low,6,spaceship,,,29/09/2026 03:57
0e70cccf-faae-499e-ac37-0194ea6ffc9d,honeymooning.immo,available,34.99,34.99,high,low,12,namesilo,,,21/09/2026 06:04
45cd5411-0499-41c9-b6c1-4b6fc9ade0f9,satiate.immo,available,34.99,34.99,high,low,7,namesilo,,,09/09/2026 14:28
cc38c71d-2ba6-4c0b-9cb6-0af88b9c4a8a,dreyfus.immo,available,36.98,43.98,medium,low,7,namecheap,,,18/09/2026 06:30
8cefffcd-310c-41d7-b990-fa8b6cb43c64,manifestation.immo,available,28.15,28.15,high,low,13,spaceship,,,29/09/2026 22:53
6cbdf9c0-cf05-45f2-8537-a1e2c86b8b9d,mithraic.immo,available,14.99,45.99,medium,low,8,name.com,,,25/08/2026 01:58
cf40b12c-18d9-4a93-bb6e-aa5f4e5e34f4,witloof.immo,available,34.99,34.99,medium,low,7,namesilo,,,23/09/2026 05:01
f61a343c-0944-42d9-be6b-6b24bec2fb50,europium.immo,available,34.99,34.99,medium,low,8,namesilo,,,20/09/2026 23:26
28884ced-315c-4d13-991a-0791d327eaf4,ingrowing.immo,available,14.99,45.99,medium,low,9,name.com,,,22/08/2026 04:54
87371672-ddca-47a4-a417-fcaf8d83f249,woven.immo,available,34.99,34.99,high,low,5,namesilo,,,28/09/2026 11:08
7bab33bf-c5cf-44c9-ae57-cf44bc6e8a5b,uppity.immo,available,34.99,34.99,medium,low,6,namesilo,,,12/09/2026 23:17
34f7ada7-d345-4d05-8b4f-f1f2dfbef292,publically.immo,available,34.99,34.99,medium,low,10,namesilo,,,15/09/2026 06:33
1ed68139-aa8a-4151-bfe0-0bfb10b2848e,entirely.immo,available,14.99,45.99,high,low,8,name.com,,,
9f385072-bd2d-404c-a3e3-ddda7ccd466a,gino.immo,available,36.98,43.98,high,low,4,namecheap,,,30/09/2026 04:18
80955786-8e08-4314-8c6f-cb8c51eaf6ac,vivaldi.immo,available,36.98,43.98,medium,low,7,namecheap,,,19/09/2026 15:40
75c18060-8b94-4767-8e25-beb873524061,contracting.immo,available,27.2,27.2,high,low,11,cloudflare,,,02/10/2026 01:29
50a8e6b0-23b7-4f44-b116-f4fc7039f8dc,treasured.immo,available,14.99,45.99,high,low,9,name.com,,,12/08/2026 04:21
6f1d5d64-2c46-491a-979b-9603fcd72bc2,nicky.immo,available,14.99,,high,low,5,name.com,,,
6dd5656c-79d6-4d04-9f1f-748fcb1d6cff,illumine.immo,available,14.99,45.99,high,low,8,name.com,,,08/09/2026 04:54
a22fb767-12ba-4c0b-958e-d6538cbe4c7a,empathic.immo,available,14.99,45.99,high,low,8,name.com,,,16/08/2026 16:41
5ee10c25-3c86-43a5-8500-1eaf4e8de77a,illustrations.immo,available,28.15,28.15,medium,low,13,spaceship,,,01/10/2026 15:25
56750032-e1dc-44b1-8bf3-fbf5a88c85a7,rooms.immo,available,28.15,28.15,high,low,5,spaceship,,,30/09/2026 10:23
a1764de2-cca6-4e28-acfa-b0d520b79499,familiar.immo,available,34.99,34.99,high,low,8,namesilo,,,24/09/2026 16:30
8a1e5b5e-2e6f-4ade-8aab-c6cf5a2aab39,castellano.immo,available,8.24,29.11,medium,low,10,dynadot,,,01/10/2026 02:19
41ce2f06-d3ea-4a04-8941-ab1e46f099bd,undecided.immo,available,34.99,34.99,high,low,9,namesilo,,,04/09/2026 14:20
11d7b638-8e36-497f-82dc-f4fbade165bb,unacceptable.immo,available,34.99,34.99,medium,low,12,namesilo,,,01/10/2026 05:50
36b2d6d8-4b62-4c94-ae9e-2393d702fb99,osaka.immo,available,27.2,27.2,high,low,5,cloudflare,,,30/09/2026 10:41
3d459a1d-f0a4-4191-afa5-7a771a80d4c8,glasshouse.immo,available,14.99,45.99,high,low,10,name.com,,,20/08/2026 19:52
928385c5-b5a2-402a-90cf-5a24147ea978,contributed.immo,available,36.98,43.98,medium,low,11,namecheap,,,29/09/2026 17:13
92f3fbd0-ba32-4516-a36c-b2d8ee75d629,sylvie.immo,available,28.15,28.15,high,low,6,spaceship,,,01/10/2026 14:30
9b2b372c-1c61-4469-8feb-a5d998cb9030,clxx.immo,available,14.99,45.99,medium,low,4,name.com,,,
360ae0db-2bdd-4c20-9b07-2b19b63b6611,nolan.immo,available,34.99,34.99,high,low,5,namesilo,,,25/09/2026 15:37
ca86247e-b143-4a75-9491-910aa2c73c8b,tutoring.immo,available,34.99,34.99,high,low,8,namesilo,,,29/09/2026 16:08
8242d97f-4af8-4af1-ae92-bc4de243e472,accelerate.immo,available,28.15,28.15,high,low,10,spaceship,,,29/09/2026 02:40
2e7fc306-043d-4f62-bba4-e601a433c730,nantes.immo,premium,4140,4140,medium,low,6,namesilo,,,28/09/2026 10:30
25e0ea8e-a7a8-414b-9be2-11b1274da4e4,promotive.immo,available,34.99,34.99,high,low,9,namesilo,,,09/09/2026 03:13
48db8355-1a57-49a4-acee-7d70042b4875,coal.immo,available,34.99,34.99,high,low,4,namesilo,,,28/09/2026 01:38
50b6e414-f8ea-47a8-ab92-fd71e67c0f75,invisible.immo,available,36.98,43.98,high,low,9,namecheap,,,25/09/2026 08:03
f844e74a-18b9-4c34-8439-a7d78b62334d,blamed.immo,available,14.99,45.99,medium,low,6,name.com,,,10/08/2026 12:39
4c644ef3-5c80-4395-b847-cfc6a9241775,bandolier.immo,available,36.98,43.98,medium,low,9,namecheap,,,22/09/2026 01:27
027b4660-9430-4296-9092-a6d9ce7801e0,rime.immo,available,14.99,45.99,medium,low,4,name.com,,,21/08/2026 10:08
4ee83319-de64-4930-8bab-13f447582894,alertly.immo,available,34.99,34.99,medium,low,7,namesilo,,,13/09/2026 18:40
c4ac430e-503e-408e-948a-1c74cd6e9ad4,bartholdi.immo,available,34.99,34.99,medium,low,9,namesilo,,,22/09/2026 09:11
8ef7fd3c-b296-4fc6-be74-1458ee79d42f,footer.immo,available,34.99,34.99,high,low,6,namesilo,,,08/09/2026 12:38
3521f51f-b5e6-4e45-b8d1-c0c674d5339c,deadening.immo,available,14.99,45.99,medium,low,9,name.com,,,10/08/2026 19:57
57fc1cb4-33bd-45a4-959c-27cf328eab00,angelic.immo,available,34.99,34.99,high,low,7,namesilo,,,22/09/2026 04:25
0edec6bd-e76a-4e27-80e1-21c585a31d41,pathless.immo,available,34.99,34.99,medium,low,8,namesilo,,,08/09/2026 10:25
a54b4a76-e343-4538-8c7c-6ad566f45c6d,gifts.immo,available,34.99,34.99,medium,low,5,namesilo,,,25/09/2026 17:25
9db2d866-7874-44fd-a7e5-a41066797764,architectural.immo,available,34.99,34.99,high,low,13,namesilo,,,29/09/2026 08:50
23a20d7b-d109-44a6-a92e-8ef8ef38a852,dicks.immo,available,14.99,,medium,low,5,name.com,,,
a57eefd0-4216-437d-91f7-a3aeec46daad,amaretto.immo,available,34.99,34.99,high,low,8,namesilo,,,18/09/2026 15:58
535b03a4-ebc8-46db-81d1-8817922549ad,agio.immo,available,36.98,43.98,high,low,4,namecheap,,,17/09/2026 18:01
d6375d6f-03bf-4950-a07d-0e22b841c02b,ampicillin.immo,available,34.99,34.99,medium,low,10,namesilo,,,18/09/2026 23:35
f605a4a2-ab76-4135-99fc-ae9e16fd8e27,amman.immo,available,34.99,34.99,medium,low,5,namesilo,,,18/09/2026 21:59
c97ec659-71a3-45f0-bd88-00a25fe49cd9,anthidium.immo,available,34.99,34.99,medium,low,9,namesilo,,,19/09/2026 13:22
2c3245f8-44c2-4265-b00a-916bade89157,bahreini.immo,available,14.99,45.99,medium,low,8,name.com,,,08/08/2026 08:41
8c468be6-c63b-4e5c-8aa7-a56db0d27dea,antipope.immo,available,34.99,34.99,medium,low,8,namesilo,,,19/09/2026 15:00
878ee440-debb-4884-ac85-b3d45fb15320,regulars.immo,available,8.24,29.11,medium,low,8,dynadot,,,30/09/2026 15:46
4e9b2de7-6f3a-494b-81b8-858e928e64c1,slug.immo,available,34.99,34.99,high,low,4,namesilo,,,23/09/2026 13:52
481de89c-6d81-4364-98c0-aa6c25a7a78e,doze.immo,available,36.98,43.98,high,low,4,namecheap,,,24/09/2026 23:43
317b2138-d44f-4331-bf18-9281435f2252,thanked.immo,available,34.99,34.99,medium,low,7,namesilo,,,29/09/2026 05:27
515e27cb-7a0e-4724-8651-d1c238d440d2,swings.immo,available,8.24,28.32,medium,low,6,porkbun,,,29/09/2026 05:46
62c86d64-ee79-4ec2-a29e-e7a55c34ee3b,kidding.immo,available,28.15,28.15,high,low,7,spaceship,,,29/09/2026 03:02
ddb74e7c-0507-491c-8d53-f53b5c638743,exploited.immo,available,34.99,34.99,medium,low,9,namesilo,,,08/09/2026 15:46
51236832-9ee6-4557-807d-a0393cc3d103,consistent.immo,available,14.99,45.99,high,low,10,name.com,,,12/08/2026 16:01
69cb465b-9b3c-44d5-baac-6106588a4008,steals.immo,available,27.2,27.2,medium,low,6,cloudflare,,,28/09/2026 23:24
a27aa7a6-c497-4e2a-a792-f9cfc8979f06,ochoa.immo,available,34.99,34.99,medium,low,5,namesilo,,,01/10/2026 03:08
eb4a2f99-8725-4efd-a511-9e96cc0752c9,debonaire.immo,available,14.99,45.99,high,low,9,name.com,,,12/08/2026 05:59
1d4b4ce9-8175-4f50-b0cf-d1f64374be44,beater.immo,available,36.98,43.98,high,low,6,namecheap,,,22/09/2026 21:38
55c415d7-737c-4e27-be6b-87b902c3b188,perpetual.immo,available,14.99,45.99,high,low,9,name.com,,,
2f8104b2-9a31-40be-b575-584441b3da63,underserved.immo,available,34.99,34.99,high,low,11,namesilo,,,30/09/2026 03:54
19a05008-e64d-4e11-a69c-f3e916401f1c,gimcrack.immo,available,14.99,45.99,medium,low,8,name.com,,,18/08/2026 06:39
25b2b606-796e-404c-85ce-3eedc7b6479e,scenic.immo,available,34.99,34.99,high,low,6,namesilo,,,09/09/2026 22:58
e7164167-5faf-4621-88e1-1854a302a3cb,esteban.immo,available,28.15,28.15,high,low,7,spaceship,,,29/09/2026 17:38
2c9d444d-0766-47f0-aa09-733e08c103a5,sperm.immo,available,8.24,29.11,high,low,5,dynadot,,,30/09/2026 11:38
2269cd0d-7d6b-4261-8c76-579fedf22800,abdullah.immo,available,34.99,34.99,high,low,8,namesilo,,,28/09/2026 03:48
81996f32-e3cf-4aaf-a7d8-8197692c6960,damning.immo,available,14.99,45.99,medium,low,7,name.com,,,13/08/2026 16:33
76ccc15f-ed72-4dd4-b637-d331c5022dd3,levels.immo,available,34.99,34.99,high,medium,6,namesilo,,,27/09/2026 11:07
f13f1196-a7c6-42a9-93f3-9ba81c2f6d31,opal.immo,available,27.2,27.2,high,low,4,cloudflare,,,30/09/2026 06:08
1cad688e-aa55-4b1b-bf77-ac14fa997fc9,noxious.immo,available,34.99,34.99,medium,low,7,namesilo,,,03/09/2026 22:21
b902f738-666d-4181-afa6-26afd55e6123,tenerife.immo,premium,118.8,118.8,high,low,8,namesilo,,,01/10/2026 04:01
5c81efc3-2ab0-4e1d-8b78-b3871ee1cac2,deictic.immo,available,14.99,45.99,medium,low,7,name.com,,,14/08/2026 00:12
cecef385-0cbc-4e34-b9ad-6c2f272e0751,desolation.immo,available,34.99,34.99,medium,low,10,namesilo,,,22/09/2026 05:24
0a6168c8-718e-4bc4-92c0-6ecac329cdc3,jobless.immo,available,14.99,45.99,medium,low,7,name.com,,,22/08/2026 13:32
5279f016-5201-412d-a064-f1912fc49f3b,encouraged.immo,available,36.98,43.98,high,low,10,namecheap,,,23/09/2026 10:08
3a8e06ee-325a-4826-99ba-edf0a971efc5,perceive.immo,available,34.99,34.99,high,low,8,namesilo,,,29/09/2026 20:45
97fc15b7-3ff2-4e73-aa20-33e06a5facfa,addicts.immo,available,28.15,28.15,medium,low,7,spaceship,,,01/10/2026 00:46
75691f28-1049-41a6-94d7-b20551830bda,pally.immo,available,14.99,45.99,high,low,5,name.com,,,12/08/2026 07:42
e6b25640-f569-475f-a4b9-ca5a0af60558,sedan.immo,available,34.99,34.99,medium,low,5,namesilo,,,01/10/2026 03:37
b0413566-c82a-493a-99eb-fdbb56192fcc,constructive.immo,available,34.99,34.99,high,low,12,namesilo,,,01/10/2026 21:42
99251477-1577-4a9d-9841-f793ce7d8744,adherence.immo,available,34.99,34.99,high,low,9,namesilo,,,17/09/2026 07:58
a95942db-354b-4c60-8350-f206f8b2f40a,mosses.immo,available,34.99,34.99,low,low,6,namesilo,,,29/09/2026 05:08
534dc2a3-0850-4c95-8bce-03e30cc6b983,maximizing.immo,available,14.99,45.99,high,low,10,name.com,,,24/08/2026 17:56
ea04066b-e0ff-4b9b-a329-6b9ac164bb0f,edit.immo,available,28.15,28.15,high,low,4,spaceship,,,29/09/2026 02:42
9d2ae18d-fa21-4714-9fb0-248e08840630,parvenue.immo,available,34.99,34.99,medium,low,8,namesilo,,,03/09/2026 22:16
9fc325ce-02a5-487b-bbb3-9bd24a1b9f05,mozambican.immo,available,14.99,45.99,high,low,10,name.com,,,25/08/2026 09:16
a7d6d090-f251-4693-9946-06fda663280e,diffused.immo,available,14.99,45.99,medium,low,8,name.com,,,14/08/2026 07:08
11ded454-f2ed-4f5e-a7f7-a1e389746c13,mine.immo,available,36.98,43.98,high,low,4,namecheap,,,25/09/2026 09:26
06a1c34a-d51c-40f2-ad03-baba05d64edb,nuisance.immo,available,28.15,28.15,medium,low,8,spaceship,,,29/09/2026 19:51
11778075-5cb3-464e-a479-e26078b619df,rico.immo,available,34.99,34.99,high,low,4,namesilo,,,19/09/2026 14:11
0ff40711-2f74-4048-bba8-a515080fa727,bathroom.immo,available,34.99,34.99,high,low,8,namesilo,,,27/09/2026 06:27
16cf39e2-8db7-4559-9bca-5e8c6d95e962,corrugated.immo,available,14.99,45.99,medium,low,10,name.com,,,13/08/2026 02:13
35eb1dc8-12f8-4c6e-863b-46e967d111be,criterion.immo,available,8.24,28.32,high,low,9,porkbun,,,28/09/2026 00:29
9fc49fad-4f24-42da-9d8a-9183b2b1b3a1,geek.immo,available,34.99,34.99,high,low,4,namesilo,,,24/09/2026 13:18
cee2fab7-cc73-4049-bd88-ba0c61be4341,lin.immo,available,28.15,28.15,high,low,3,spaceship,,,28/09/2026 10:15
b2a4bcba-b523-4a61-9987-91b307c6bd41,guarded.immo,available,14.99,45.99,high,low,7,name.com,,,20/08/2026 20:41
d4a0dd21-318a-4259-83b7-7a8279f2fc8c,rejoice.immo,available,28.15,28.15,high,low,7,spaceship,,,30/09/2026 17:44
625fe73c-41f2-454e-a84f-c593b93beab1,protest.immo,available,34.99,34.99,high,low,7,namesilo,,,30/09/2026 07:47
bdd9b050-9c23-4986-b84a-c5539af07b31,hairdresser.immo,available,27.2,27.2,high,low,11,cloudflare,,,01/10/2026 22:32
9655c48d-92e7-4edf-b7c9-c5fdb2f48f32,atropa.immo,available,34.99,34.99,medium,low,6,namesilo,,,21/09/2026 00:54
be10e63a-22d9-425a-a052-57d4252d92b1,acres.immo,available,34.99,34.99,high,low,5,namesilo,,,17/09/2026 02:56
be40dbf8-83c8-4e7e-8c8a-12fe354ee106,trios.immo,available,34.99,34.99,medium,low,5,namesilo,,,19/09/2026 22:38
8c091161-4b51-47b7-9e07-ec19fbbdd3d0,mohan.immo,available,8.24,29.11,medium,low,5,dynadot,,,28/09/2026 21:37
8db88c29-d7b7-46bb-972d-343475fb2596,motionless.immo,available,14.99,45.99,medium,low,10,name.com,,,25/08/2026 07:28
6edad15d-299f-479e-94e6-74270ed5636d,scented.immo,available,34.99,34.99,high,low,7,namesilo,,,27/09/2026 03:39
59502e18-c6f9-4f33-85b4-96292234c48b,objected.immo,available,34.99,34.99,medium,low,8,namesilo,,,18/09/2026 23:50
5be79812-df50-46e4-ac81-ff9c4f8e2705,blinding.immo,available,14.99,45.99,high,low,8,name.com,,,10/08/2026 13:42
7b1f51c8-dd0b-40c3-bec6-e4b52728f9cd,integration.immo,available,34.99,34.99,high,low,11,namesilo,,,29/09/2026 23:22
683c3823-a1f8-4f4d-9af7-c86bff51ab32,unreactive.immo,available,36.98,43.98,medium,low,10,namecheap,,,12/09/2026 17:50
0c287eaa-6466-4abe-a30d-548bd54a3ef9,melissa.immo,available,36.98,43.98,high,low,7,namecheap,,,27/09/2026 04:11
4d8d6dda-ce74-47b4-a534-190af706da41,totalizer.immo,available,34.99,34.99,medium,low,9,namesilo,,,17/09/2026 06:58
c847783f-add4-4a57-b18e-5aec113a4375,riots.immo,available,36.98,43.98,low,low,5,namecheap,,,29/09/2026 05:50
54cec289-05b2-4878-b4a3-17d24c6b7980,benison.immo,available,36.98,43.98,medium,low,7,namecheap,,,23/09/2026 08:11
d46cfcbf-e536-4b12-bdd9-9a6d52426fcb,wallace.immo,available,34.99,34.99,high,low,7,namesilo,,,18/09/2026 06:43
a75fbdb4-cb72-4e23-86a1-758a3f2ea725,spf.immo,available,34.99,34.99,high,low,3,namesilo,,,30/09/2026 17:23
2ee2ef4e-a9e1-4033-a318-c8b35107f684,dynamic.immo,available,34.99,34.99,high,low,7,namesilo,,,24/09/2026 12:41
756d6cee-2c47-4e0e-a0cc-366eb8d7b965,stormbound.immo,available,36.98,43.98,low,low,10,namecheap,,,10/09/2026 21:22
d228c929-d421-4455-8f4e-be895baf39c5,glaze.immo,available,28.15,28.15,high,low,5,spaceship,,,30/09/2026 08:55
865796bf-ae83-4d44-a859-478a4cdb9a82,insincere.immo,available,14.99,45.99,medium,low,9,name.com,,,22/08/2026 07:08
6a6fc633-4e2f-4280-8393-9b7961bb9143,fha.immo,available,34.99,34.99,high,low,3,namesilo,,,30/09/2026 17:17
ec422bcf-2a79-4303-86db-7905ea9567d5,aloneness.immo,available,34.99,34.99,medium,low,9,namesilo,,,18/09/2026 13:12
53e03792-70e7-4745-9050-b5d56aea0793,queried.immo,available,34.99,34.99,medium,low,7,namesilo,,,20/09/2026 15:21
9251cd03-fd97-4f4f-b951-4df8b953fa51,vacate.immo,available,8.24,29.11,high,low,6,dynadot,,,01/10/2026 19:06
9b88814f-503d-45f4-a2fd-047e1f982ec1,stupendous.immo,available,14.99,45.99,high,low,10,name.com,,,12/08/2026 18:00
9a43c2c3-8987-43b6-906c-c8c1c64a2e6f,jelly.immo,available,28.15,28.15,high,low,5,spaceship,,,30/09/2026 00:47
f392aec7-5e1d-4735-ab4a-a6879af0504c,companionship.immo,available,28.15,28.15,high,low,13,spaceship,,,30/09/2026 22:32
46677854-ea36-4847-99cf-59db1ff7ab0c,virulent.immo,available,14.99,45.99,medium,low,8,name.com,,,
973ba796-de8f-474f-9a5a-25c2628678cf,ruckle.immo,available,14.99,45.99,medium,low,6,name.com,,,13/08/2026 07:12
2b6f883f-7e2f-4ca1-b588-1394e2181e3d,boy.immo,available,28.15,28.15,high,low,3,spaceship,,,29/09/2026 03:52
128e1561-bd59-49f4-8df6-83d363b6ddb1,inferior.immo,available,14.99,45.99,high,low,8,name.com,,,22/08/2026 04:19
7bdf105e-c400-46d9-aa2b-13581a557036,booming.immo,available,14.99,45.99,high,low,7,name.com,,,10/08/2026 19:14
37b35bcf-94ec-4a45-827f-04c7a8eabd1f,mahmud.immo,available,28.15,28.15,medium,low,6,spaceship,,,28/09/2026 22:18
81eabafc-97e7-49c1-8fd0-284ae9a7833c,sid.immo,available,34.99,34.99,high,low,3,namesilo,,,25/09/2026 12:52
63b26187-661c-44e0-b33f-05570ffd5ee2,maid.immo,available,34.99,34.99,high,low,4,namesilo,,,25/09/2026 16:10
b69ba807-7a4c-401e-a9b5-820db31b5574,bragging.immo,available,14.99,45.99,medium,low,8,name.com,,,11/08/2026 00:54
517385db-f2c7-4120-9280-9a0adb4ddfc1,temporary.immo,available,34.99,34.99,high,low,9,namesilo,,,25/09/2026 07:53
29c6b8ea-5976-40f1-ac72-4fab2b198bf9,stature.immo,available,28.15,28.15,high,low,7,spaceship,,,29/09/2026 08:08
cb7c39b2-94cc-4d58-8a4f-04f8c0235c60,shovel.immo,available,34.99,34.99,high,low,6,namesilo,,,28/09/2026 15:04
9752eaad-ac3e-4c68-8029-a9a50a153682,bitstock.immo,available,34.99,34.99,medium,low,8,namesilo,,,23/09/2026 22:47
98748d42-78a1-4177-8563-7ef5990bf747,strengthening.immo,available,28.15,28.15,high,low,13,spaceship,,,30/09/2026 19:59
2e293cc7-5f59-41c7-9b90-af81d344e9cd,chamberlain.immo,available,34.99,34.99,medium,low,11,namesilo,,,01/10/2026 22:56
dcd2cef5-ce00-4b9d-acb7-6574da9b4b1d,goldman.immo,available,34.99,34.99,high,low,7,namesilo,,,25/09/2026 05:32
5ba5485f-1204-4c4f-a3d5-af6f4d75936c,domesticated.immo,available,36.98,43.98,high,low,12,namecheap,,,30/09/2026 19:43
eda95743-18bd-4dbe-84e4-a8d283eddc87,partial.immo,available,34.99,34.99,high,low,7,namesilo,,,08/09/2026 02:01
a9640b76-ca9b-472e-a9f6-29b4ba5dbc68,chill.immo,available,34.99,34.99,high,low,5,namesilo,,,23/09/2026 23:04
21260df4-e275-4299-8a9c-3e74c7b21438,relaxing.immo,available,14.99,45.99,high,low,8,name.com,,,09/09/2026 13:30
2acb1ff1-027a-4601-97e0-2811ef352ba1,ventolin.immo,available,34.99,34.99,medium,low,8,namesilo,,,18/09/2026 03:33
c0a349dc-e860-461c-8ca1-025482b10b97,soldiers.immo,available,14.99,,medium,low,8,name.com,,,
60ce3d41-75ce-44b1-af43-34be1aab5b33,firms.immo,available,27.2,27.2,medium,low,5,cloudflare,,,29/09/2026 17:52
1fc9198c-b2e9-4de2-9f17-309c134600f3,labrador.immo,available,28.15,28.15,high,low,8,spaceship,,,01/10/2026 20:14
ef5c9a4e-a3ef-417d-af18-9b4a016fc50c,longfellow.immo,available,28.15,28.15,medium,low,10,spaceship,,,29/09/2026 01:16
47f04a56-dff2-403d-9854-d795654778ee,lammas.immo,available,34.99,34.99,medium,low,6,namesilo,,,21/09/2026 03:43
419e9b45-783d-4678-8cb8-c980b4fcfa06,momentous.immo,available,14.99,45.99,high,low,9,name.com,,,25/08/2026 03:59
9f8d117d-d1ce-4b0e-8b87-67a18eb516fe,lucullan.immo,available,14.99,45.99,high,low,8,name.com,,,24/08/2026 11:00
93c4da17-f180-4c81-80a2-c8ceaf00a6cb,disabled.immo,available,34.99,34.99,high,low,8,namesilo,,,24/09/2026 10:55
1270606e-f9b9-4e5b-8b8c-6e9d1f1bd7b0,bangla.immo,available,14.99,45.99,high,low,6,name.com,,,22/09/2026 01:51
0cc8ce5e-5a52-4244-90db-c7fc7e53e464,ste.immo,available,34.99,34.99,high,low,3,namesilo,,,27/09/2026 07:49
d66dc0ba-0b94-4908-ac5d-c3c24ed1ee98,complexion.immo,available,28.15,28.15,high,low,10,spaceship,,,30/09/2026 16:45
ef359644-d9da-4396-8264-4e056b48336b,nutrition.immo,available,34.99,34.99,high,low,9,namesilo,,,18/09/2026 07:53
2fd6d859-c3e3-4ba0-80c5-1092d7daf16f,pasted.immo,available,14.99,45.99,high,low,6,name.com,,,20/08/2026 15:14
292c4361-0749-4614-8936-c8594a9bf012,mehmed.immo,available,8.24,28.32,medium,low,6,porkbun,,,30/09/2026 21:00
7e9931d5-ab3d-432c-ab10-7e94907a6bda,alveolus.immo,available,34.99,34.99,medium,low,8,namesilo,,,17/09/2026 22:03
1a39f0d4-9e16-4135-a007-ac0657f5bd5c,boar.immo,available,27.2,27.2,high,low,4,cloudflare,,,29/09/2026 11:44
eedca422-067e-4d13-bb51-9dd071382974,advertises.immo,available,34.99,34.99,medium,low,10,namesilo,,,18/09/2026 17:19
9fdda4db-98e4-40d1-b30d-c801aa44e616,weakly.immo,available,14.99,45.99,medium,low,6,name.com,,,13/08/2026 20:38
a5895135-5141-4420-8064-dc0186af29cc,burgoyne.immo,available,34.99,34.99,medium,low,8,namesilo,,,30/09/2026 16:31
3f78cd8b-5f4a-4763-9faf-7e81eaa35b4d,vulvar.immo,available,34.99,34.99,medium,low,6,namesilo,,,13/09/2026 07:29
4f0dcba9-404a-447f-bfc8-7e50f05a9535,desperate.immo,available,14.99,45.99,medium,low,9,name.com,,,14/08/2026 03:58
7bbade49-6c9d-4100-b003-bcd3a144a65b,settle.immo,available,34.99,34.99,high,low,6,namesilo,,,25/09/2026 10:17
70ab733a-62c5-4e48-a0c2-ac2489bee744,souse.immo,available,14.99,45.99,medium,low,5,name.com,,,
ceb67762-9c81-4fd0-b6ad-8b3175a8d692,esteem.immo,available,27.2,27.2,high,low,6,cloudflare,,,28/09/2026 18:46
689ab037-5a2f-48e9-88e3-efc13d4ab332,aquatic.immo,available,14.99,45.99,high,low,7,name.com,,,06/08/2026 10:45
4a362a1f-5212-4d81-811c-88e1e828de16,cain.immo,available,34.99,34.99,high,low,4,namesilo,,,28/09/2026 09:13
cb16656d-7ee9-41b2-afc0-62e1c96a961b,pluto.immo,available,36.98,43.98,high,low,5,namecheap,,,17/09/2026 20:47
3ad9cb0f-97fd-40e8-ad99-7ea67ae0c3e4,nigra.immo,available,59.99,59.99,medium,low,5,godaddy,,,30/09/2026 02:04
95e295c9-0c70-4e21-a015-f11e885c30f6,grandes.immo,available,8.24,28.32,medium,low,7,porkbun,,,01/10/2026 01:08
e779024d-44b2-42f3-90fe-43e68c071f32,snatch.immo,available,34.99,34.99,high,low,6,namesilo,,,19/09/2026 14:54
ba38058f-3aba-4f62-b35f-ce787fa0ea5d,frans.immo,available,28.15,28.15,medium,low,5,spaceship,,,29/09/2026 10:53
d5371c93-d87e-4663-addf-23d7d613669b,duty.immo,available,8.24,29.11,high,low,4,dynadot,,,29/09/2026 17:13
edc46513-587d-418d-b23e-e7df9d214588,halloween.immo,available,28.15,28.15,high,low,9,spaceship,,,28/09/2026 20:33
dc085fb5-af9e-4568-b889-93d924c1ec8b,eleven.immo,available,34.99,34.99,high,low,6,namesilo,,,21/09/2026 11:20
0914f2c1-5c95-438e-839f-ddc7990aed08,stranded.immo,available,34.99,34.99,medium,low,8,namesilo,,,25/09/2026 17:00
fc2613fe-bef7-40ef-bec6-6a1bd55578d4,testify.immo,available,34.99,34.99,high,low,7,namesilo,,,25/09/2026 11:08
2ce07ce1-1bca-480d-9a66-496cf1109eb6,backbench.immo,available,34.99,34.99,high,low,9,namesilo,,,21/09/2026 15:00
8ac6240a-2b0e-4bad-a7bc-8b482617123d,hulky.immo,available,14.99,45.99,medium,low,5,name.com,,,21/08/2026 14:48
19349729-d49b-4c35-a60e-f3fb47d1e3c2,zhu.immo,available,28.15,28.15,high,low,3,spaceship,,,27/09/2026 20:59
0a994982-8d30-41bc-9556-e2a753cd8365,clueless.immo,available,14.99,45.99,medium,low,8,name.com,,,12/08/2026 13:05
ff7bedb6-aa31-4334-ad57-e198dee2c73e,siri.immo,available,,,high,high,4,,,,
8d525af8-a1c0-4bf7-9bb1-e6b9a5c8b0e2,truly.immo,available,36.98,43.98,high,low,5,namecheap,,,28/09/2026 15:02
71136240-0627-434a-99f3-898538c02a6b,recusant.immo,available,14.99,45.99,medium,low,8,name.com,,,14/08/2026 12:28
0d8c5c29-033e-4a22-90ca-91fa3534a6de,peroxide.immo,available,28.15,28.15,high,low,8,spaceship,,,01/10/2026 02:39
8051ecdf-a2d2-4309-b093-7117408333f9,hypotonic.immo,available,14.99,45.99,medium,low,9,name.com,,,21/08/2026 17:19
aa0091c9-857b-46ca-b646-47b1a3e3eadc,placed.immo,available,34.99,34.99,high,low,6,namesilo,,,25/09/2026 14:13
c2e7268f-f80c-4d1c-88b1-a745d655a1f8,lana.immo,available,8.24,28.32,high,low,4,porkbun,,,29/09/2026 04:18
efe3e7b5-2e6e-4ef4-a3d6-6b3d2cde8b95,acerose.immo,available,14.99,45.99,medium,low,7,name.com,,,
00f7eb0f-d622-42de-ab6d-31371d4f5b07,shoulders.immo,available,14.99,,medium,low,9,name.com,,,
9811621f-df3c-48e6-9329-a3902d2c3a7d,vestibular.immo,available,34.99,34.99,medium,low,10,namesilo,,,13/09/2026 04:52
375b45f4-a9e8-44f4-a583-20d3b6a56e94,complimentary.immo,available,28.15,28.15,medium,low,13,spaceship,,,30/09/2026 04:02
adb76a84-613e-4439-a4dc-67dfe95cf011,starving.immo,available,36.98,43.98,medium,low,8,namecheap,,,10/09/2026 19:04
8f8a9db9-1e59-40ad-8086-25f341f0b674,recruit.immo,available,8.24,28.32,high,low,7,porkbun,,,28/09/2026 14:02
17ff9af2-39c9-443e-9374-0e86c2cb8654,answers.immo,available,36.98,43.98,medium,low,7,namecheap,,,25/09/2026 18:18
3b927a84-2ca2-4456-9fa2-a3658e750385,munificent.immo,available,14.99,45.99,high,low,10,name.com,,,22/08/2026 21:09
1112e556-e2c9-4c70-bf42-df3a560a5078,proceeding.immo,available,28.15,28.15,high,low,10,spaceship,,,28/09/2026 10:14
10a854c0-9ba6-497a-bc51-c3cc80692fef,prevented.immo,available,34.99,34.99,medium,low,9,namesilo,,,29/09/2026 10:45
f075861c-5c9b-4120-b209-94653f003ba2,immanent.immo,available,14.99,45.99,medium,low,8,name.com,,,21/08/2026 20:50
47d47d51-a175-4315-84c8-a8b7021d241d,adapters.immo,available,34.99,34.99,medium,low,8,namesilo,,,01/10/2026 00:53
ca1e0a07-19fc-4aab-8460-3a95754f2e23,pennate.immo,available,14.99,45.99,medium,low,7,name.com,,,08/09/2026 14:37
c9cb4df2-b973-4809-84ad-e08faa50208e,attrition.immo,available,34.99,34.99,medium,low,9,namesilo,,,21/09/2026 02:20
713905da-e64f-4e5c-b40a-453b22b8ae4e,flashing.immo,available,28.15,28.15,medium,low,8,spaceship,,,28/09/2026 19:14
7ce27695-6c9a-4eae-8767-910e8be48458,whitten.immo,available,28.15,28.15,medium,low,7,spaceship,,,30/09/2026 04:15
70cbfc1b-e50f-4e70-9e43-50c0ac192a58,blastoff.immo,available,34.99,34.99,high,low,8,namesilo,,,24/09/2026 04:43
47f4f04a-ebc7-4ae9-9164-58cdd54d11be,ein.immo,premium,118.8,118.8,high,low,3,namesilo,,,26/09/2026 03:08
5724c331-8466-48c0-8f0a-cf0d7c9e0f57,runny.immo,available,34.99,34.99,medium,low,5,namesilo,,,09/09/2026 19:37
349d41ba-798d-4a93-a69a-21691734758c,framed.immo,available,14.99,45.99,high,low,6,name.com,,,18/08/2026 14:04
d406ec64-32af-4c6f-8b6a-57bc4c399cd3,mitt.immo,available,34.99,34.99,medium,low,4,namesilo,,,22/09/2026 10:08
66b4892f-d017-4d85-8036-a5651cd5c2ca,numerical.immo,available,34.99,34.99,high,low,9,namesilo,,,03/09/2026 22:52
1322c683-0423-4f5e-9e84-164879edff2f,baptists.immo,available,36.98,43.98,high,low,8,namecheap,,,22/09/2026 03:33
44a737d2-c685-4a10-860b-e43d3c5bf692,liii.immo,available,14.99,45.99,medium,low,4,name.com,,,
3c523033-57c0-4511-90fb-ea78257660fc,molar.immo,available,14.99,45.99,high,low,5,name.com,,,25/08/2026 03:38
c356944f-1b6d-4f8b-bf1a-6c174713b826,blockbuster.immo,available,28.15,28.15,high,low,11,spaceship,,,30/09/2026 19:32
7d02746d-8adb-4055-8c06-b9cdd3eeabe0,allegations.immo,available,34.99,34.99,medium,low,11,namesilo,,,29/09/2026 11:36
3bff1ceb-5966-4566-8f23-a9b520cc934d,subliminal.immo,available,34.99,34.99,high,low,10,namesilo,,,11/09/2026 00:08
3b48f5c5-80ba-43cd-9bd7-4bd14816f26a,monogamous.immo,available,14.99,45.99,high,low,10,name.com,,,25/08/2026 05:11
b2a710cd-894c-4e6a-b563-cffa87d93f1d,goldfish.immo,available,34.99,34.99,high,low,8,namesilo,,,24/09/2026 12:44
a69a2e0f-61a1-46cd-a28a-a4793f68710e,many.immo,available,14.99,45.99,high,low,4,name.com,,,25/09/2026 16:43
8f0437d8-1a1b-4535-9133-01f4a6d582e8,vitamin.immo,available,34.99,34.99,high,low,7,namesilo,,,08/09/2026 14:16
afc5060a-2b30-45e5-880e-a5d0daff2f6a,foxily.immo,available,34.99,34.99,medium,low,6,namesilo,,,14/09/2026 09:04
8afc50dc-0d38-431e-b87d-b1eb42ca5331,canopy.immo,available,34.99,34.99,high,medium,6,namesilo,,,29/09/2026 06:12
d9532e15-5014-43c2-b5f5-7b2fda174ba6,argent.immo,available,14.99,45.99,medium,low,6,name.com,,,06/08/2026 17:51
d7077235-33da-45ec-9a02-5b5c0d13e203,credits.immo,available,8.24,28.32,high,low,7,porkbun,,,28/09/2026 13:48
911fae78-7afe-4f9c-8993-539d5cf47af7,kyushu.immo,available,28.15,28.15,medium,low,6,spaceship,,,29/09/2026 01:31
0cde20d5-a72b-443d-bb02-a477899c9265,higginson.immo,available,36.98,43.98,medium,low,9,namecheap,,,01/10/2026 02:35
c1461fd9-47f7-4290-acd5-15943e5054b2,absolved.immo,available,14.99,45.99,high,low,8,name.com,,,
530b243b-a036-44d1-8047-cb1b848fe14e,abelard.immo,available,34.99,34.99,medium,low,7,namesilo,,,16/09/2026 14:59
c55a9df0-5c67-47f0-ace4-a5e154c399ee,grounded.immo,available,36.98,43.98,high,low,8,namecheap,,,27/09/2026 06:36
f8f7381e-273c-4b88-9da9-ada13cc4abeb,isotonic.immo,available,14.99,45.99,medium,low,8,name.com,,,22/08/2026 11:18
7e027dea-66da-47f6-8743-ed90f4c7431a,wormy.immo,available,14.99,45.99,medium,low,5,name.com,,,13/08/2026 06:43
f90501ec-433c-4495-b11c-f867bd218c4e,hydric.immo,available,14.99,45.99,medium,low,6,name.com,,,21/08/2026 16:23
bf115195-eacd-42cd-be74-c6e57ac1d9aa,busty.immo,available,14.99,45.99,medium,low,5,name.com,,,10/08/2026 20:26
e3ace330-da32-4d20-9466-03d6096620ce,chronic.immo,available,14.99,45.99,high,low,7,name.com,,,12/08/2026 07:24
228c5ba1-0396-40b4-a059-2641b9ddc786,receptionist.immo,available,34.99,34.99,high,low,12,namesilo,,,30/09/2026 12:16
bb028cb1-ebaf-48e2-bb19-b9d37f679711,ahorseback.immo,available,14.99,45.99,medium,low,10,name.com,,,
ad1d5d74-bf99-4ff5-bc18-b9f41d0556eb,happen.immo,available,34.99,34.99,high,low,6,namesilo,,,25/09/2026 06:00
335b39e0-fae9-483a-b4d8-1e9c09b902d4,nullity.immo,available,14.99,45.99,medium,low,7,name.com,,,13/09/2026 06:33
32e7ef8f-0a8f-4bd5-8f2f-4e9662bb5a38,infection.immo,available,34.99,34.99,medium,low,9,namesilo,,,27/09/2026 04:34
362bf72a-062a-49c8-9662-b6e32703caa6,pamphlet.immo,available,34.99,34.99,high,low,8,namesilo,,,24/09/2026 07:11
18e5c8cb-01a5-41d6-ba85-9665b0b451ee,neuromotor.immo,available,34.99,34.99,medium,low,10,namesilo,,,03/09/2026 16:18
c3d3f747-c8e2-422d-8ce8-8b761ae70767,promoted.immo,available,34.99,34.99,medium,low,8,namesilo,,,28/09/2026 08:15
ce29c3c7-911d-4a88-b64c-dba015951686,ingrid.immo,available,34.99,34.99,medium,low,6,namesilo,,,28/09/2026 16:32
0799b590-0c72-4ac0-b6c5-b99af2a317d6,formal.immo,available,34.99,34.99,high,low,6,namesilo,,,24/09/2026 00:47
218e429c-f342-447b-93d5-f25545d9844e,depress.immo,available,27.2,27.2,high,low,7,cloudflare,,,29/09/2026 15:56
ff64c69a-19a9-4de4-8ea0-14f132a37359,aided.immo,available,14.99,45.99,high,low,5,name.com,,,19/09/2026 12:43
d553c419-4cea-4e8a-ba55-40d093741ef9,currents.immo,available,36.98,43.98,medium,low,8,namecheap,,,29/09/2026 17:16
0d0165b1-339c-44e3-bd0e-ee603bebaa13,annapurna.immo,available,34.99,34.99,medium,low,9,namesilo,,,19/09/2026 02:23
aaafddbe-42d4-42f0-b52c-e570c1cc3e8a,gadolinium.immo,available,36.98,43.98,medium,low,10,namecheap,,,20/09/2026 23:27
03e525d2-ef6a-4d9d-9bfb-1001f813edf0,antonym.immo,available,14.99,45.99,medium,low,7,name.com,,,04/09/2026 16:48
c5246109-a6e4-455d-aa09-92ef5ad429cf,ethan.immo,available,34.99,34.99,high,low,5,namesilo,,,25/09/2026 13:30
0ab57d10-3cab-4cf1-aabe-4e6c32391dc6,onion.immo,available,34.99,34.99,high,low,5,namesilo,,,28/09/2026 20:37
00e7fd04-b0b3-4c4a-a45f-0834767575c6,lunchtime.immo,available,28.15,28.15,high,low,10,spaceship,,,01/10/2026 20:24
d64e6d18-8145-42c9-8440-a9d10dbe5010,mayo.immo,available,34.99,34.99,high,low,4,namesilo,,,30/09/2026 10:34
4a83c76c-b2d7-4eee-bfc4-5865700850c7,congruent.immo,available,14.99,45.99,high,low,9,name.com,,,12/08/2026 21:57
dab76a69-ef1f-42fb-befa-78689c792749,person.immo,available,34.99,34.99,high,low,6,namesilo,,,25/09/2026 09:11
1c45237e-9623-4a7a-adb6-076639c5abb2,myer.immo,available,34.99,34.99,medium,low,4,namesilo,,,29/09/2026 22:41
8b80e14a-8b24-4309-b12e-e5e4e58d2ad9,expandable.immo,available,14.99,45.99,high,low,10,name.com,,,17/08/2026 17:51
63f219cb-9808-4a6a-bb2a-e9854b4c80e4,alkalinity.immo,available,36.98,43.98,high,low,10,namecheap,,,18/09/2026 08:19
b810356c-0a10-444d-91a2-e6b32c61d639,shoreline.immo,available,34.99,34.99,high,low,9,namesilo,,,30/09/2026 11:01
2a4f462a-e80e-4b60-b46c-aec7fc8ce844,issus.immo,available,34.99,34.99,medium,low,5,namesilo,,,22/09/2026 15:11
b68061f0-1c4b-4adf-b9a5-cde1fd4992a6,blinded.immo,available,14.99,45.99,medium,low,7,name.com,,,10/08/2026 14:24
e0b648bf-bf29-448f-b7f9-d16f90bb2854,lobe.immo,available,27.2,27.2,high,low,4,cloudflare,,,29/09/2026 19:33
70173eca-179e-4d90-b268-0f2d5b288dce,detective.immo,available,34.99,34.99,high,low,9,namesilo,,,29/09/2026 14:16
d64c609b-26d5-4b24-b68c-18513974e3d6,slows.immo,available,34.99,34.99,medium,low,5,namesilo,,,02/10/2026 02:13
b39566d8-69df-4944-a2aa-838751411b4c,firstborn.immo,available,14.99,45.99,high,low,9,name.com,,,16/08/2026 02:17
ae5026b4-4585-43f0-8870-c4b46b9f4524,impossible.immo,available,34.99,34.99,high,medium,10,namesilo,,,25/09/2026 07:55
c45018f1-43fa-40b5-bff1-9f7c18f2585b,incarnate.immo,available,14.99,45.99,high,low,9,name.com,,,16/08/2026 09:36
260e71c0-aa1d-4efc-9930-84efc19a1d0e,dishy.immo,available,14.99,45.99,medium,low,5,name.com,,,14/08/2026 11:03
9f8e28f7-ad70-4e0e-a2be-576b5b0872a9,pummel.immo,available,34.99,34.99,medium,low,6,namesilo,,,23/09/2026 13:52
bc89fccd-679f-4a39-9efa-3ca302f1065b,beatified.immo,available,14.99,45.99,medium,low,9,name.com,,,09/08/2026 05:53
ee53ac42-5b0e-4786-ae48-e730881a662d,exposit.immo,available,14.99,45.99,medium,low,7,name.com,,,15/08/2026 23:47
b5bd8481-d3a4-4643-a5e7-79de1038b69a,pancreatic.immo,available,34.99,34.99,medium,low,10,namesilo,,,05/09/2026 00:36
f3b98213-2fca-46ba-bab3-45ccae2feb4c,adiposity.immo,available,34.99,34.99,medium,low,9,namesilo,,,17/09/2026 08:19
5848c8ee-2327-45a5-a152-0d01f5b21774,glendale.immo,available,34.99,34.99,high,low,8,namesilo,,,01/10/2026 10:33
75ecc8f2-32eb-4097-9244-6e4fe466eb0c,mammary.immo,available,14.99,45.99,medium,low,7,name.com,,,24/08/2026 14:23
ad8f71fd-b227-48b0-8bbe-e053abcee263,eccles.immo,available,28.15,28.15,medium,low,6,spaceship,,,29/09/2026 06:42
2ef14d3f-0614-4e9a-b6e2-44e61ddc8d47,inga.immo,available,36.98,43.98,medium,low,4,namecheap,,,02/10/2026 05:24
f7c414f0-6607-4b94-8460-13f93f6a798e,betel.immo,available,36.98,43.98,medium,low,5,namecheap,,,23/09/2026 11:05
5ae9de50-7b45-4236-a101-9bbc9abe3990,crimes.immo,available,28.15,28.15,high,low,6,spaceship,,,01/10/2026 21:40
9efa16ec-b428-458e-90e1-3c7177de8230,vibrations.immo,available,34.99,34.99,medium,low,10,namesilo,,,29/09/2026 23:57
41436f01-5a23-475a-a60c-37d775d9d41b,kato.immo,available,28.15,28.15,high,low,4,spaceship,,,29/09/2026 09:49
cbb1877a-8ed4-4316-86ab-4b1b5c91687d,utilize.immo,available,28.15,28.15,high,low,7,spaceship,,,30/09/2026 01:31
544360e3-0b73-4ced-8a99-25c42025c929,alignment.immo,available,34.99,34.99,high,low,9,namesilo,,,18/09/2026 07:47
d9060f01-c84e-42be-a210-3588adba6d45,encountered.immo,available,34.99,34.99,low,low,11,namesilo,,,28/09/2026 23:17
5ee11a34-de4c-4100-b415-b64b8bec9a57,analyze.immo,available,36.98,43.98,high,low,7,namecheap,,,30/09/2026 12:13
06d6f575-ec3f-4e0d-8124-8c498894b6e3,betoken.immo,available,34.99,34.99,medium,low,7,namesilo,,,21/09/2026 03:31
8329cc3c-acd5-4f62-b826-54ddd4e351dd,chatterbox.immo,available,34.99,34.99,high,low,10,namesilo,,,21/09/2026 12:28
8f1e3aca-2903-47e9-bb9d-f45df001a3d8,denying.immo,available,28.15,28.15,medium,low,7,spaceship,,,28/09/2026 11:30
04eb9d82-375c-4913-996f-2f60e73a801f,fellowship.immo,available,27.2,27.2,high,low,10,cloudflare,,,28/09/2026 09:26
762fbd08-407d-485e-b2bf-6648ae0c6826,chopin.immo,available,34.99,34.99,high,low,6,namesilo,,,02/10/2026 04:21
8e254102-df8d-4625-8fcc-b92aaa0353df,fishes.immo,available,34.99,34.99,medium,low,6,namesilo,,,17/09/2026 06:49
b1e4a3cd-c79a-421b-8533-b2976532eccd,friction.immo,available,28.15,28.15,high,low,8,spaceship,,,29/09/2026 01:01
436fa953-ee55-4a3a-bcce-567e6f1472ce,qat.immo,available,34.99,34.99,medium,low,3,namesilo,,,17/09/2026 15:24
8a8fec30-c146-490b-a7ee-1b78a1484384,djiboutian.immo,available,14.99,45.99,medium,low,10,name.com,,,14/08/2026 14:08
8cb59aec-9046-43ea-bc74-e3b693e082c5,pompon.immo,available,34.99,34.99,medium,low,6,namesilo,,,19/09/2026 09:36
72c9e7c5-8ead-4c06-8b9e-8018c0e38aa0,visas.immo,available,28.15,28.15,medium,low,5,spaceship,,,02/10/2026 03:24
fec1ff60-bf4e-4f47-8dde-3fe197e9ffbc,greenock.immo,available,27.2,27.2,medium,low,8,cloudflare,,,02/10/2026 01:03
0757d618-4544-46f3-b86e-86cb8818e34f,fugo.immo,available,34.99,34.99,medium,low,4,namesilo,,,21/09/2026 23:09
da40e4a9-196c-4668-8e39-b3f3ed5166ac,jowly.immo,available,14.99,45.99,medium,low,5,name.com,,,14/08/2026 16:48
a8a333af-8577-4894-94a0-b31ae8ec4533,ventured.immo,available,27.2,27.2,medium,low,8,cloudflare,,,29/09/2026 08:54
58c20b80-1539-427b-b70e-96821bb5da76,admiration.immo,available,8.24,29.11,high,low,10,dynadot,,,28/09/2026 18:44
2674ca1f-4c3b-413f-b766-d79eeb22d23d,katabatic.immo,available,14.99,45.99,medium,low,9,name.com,,,11/08/2026 20:41
af57cf69-390c-4333-a832-a459c75e6c2b,slater.immo,available,34.99,34.99,medium,low,6,namesilo,,,28/09/2026 10:57
93fb25ea-2602-4321-8c8a-bf608a4b422d,barron.immo,available,34.99,34.99,high,low,6,namesilo,,,27/09/2026 08:02
e9d79490-6a43-4c34-b018-cef974b2319e,involves.immo,available,34.99,34.99,medium,low,8,namesilo,,,19/09/2026 23:56
1af0ea20-4671-4894-9cbb-8b1f7782f78a,silvervine.immo,available,34.99,34.99,medium,low,10,namesilo,,,17/09/2026 04:49
7e1387ed-7bbf-4653-a094-613331f29722,skipped.immo,available,34.99,34.99,low,low,7,namesilo,,,29/09/2026 05:58
5e067dd5-014d-4149-a2ba-dceef00c537e,repetitive.immo,available,14.99,45.99,medium,low,10,name.com,,,22/08/2026 07:14
1612c9d9-9f6b-4d21-949e-562c60d2f118,cmos.immo,available,28.15,28.15,medium,low,4,spaceship,,,29/09/2026 04:59
bbbda234-3783-4b30-9abd-74176f17d035,engross.immo,available,36.98,43.98,medium,low,7,namecheap,,,10/09/2026 19:54
bc3cafd4-5353-4375-991c-da48ab52f6da,outfit.immo,available,36.98,43.98,high,low,6,namecheap,,,27/09/2026 13:44
efbf94fa-a888-4fdc-857b-dbf93f09a165,kirov.immo,available,28.15,28.15,medium,low,5,spaceship,,,02/10/2026 00:27
17eeb5ca-ac6e-4024-8df8-245e8412797a,delle.immo,available,34.99,34.99,medium,low,5,namesilo,,,28/09/2026 07:54
f1951eaf-bdc3-4e9a-9a2a-e196d66ccf64,designs.immo,available,27.2,27.2,high,low,7,cloudflare,,,30/09/2026 20:49
c59b5c4f-fb16-462d-88cb-717364efbf85,mimic.immo,available,14.99,45.99,high,low,5,name.com,,,24/08/2026 23:29
aa715a12-f14b-4d07-b60f-722259106ef4,rolled.immo,available,14.99,45.99,high,low,6,name.com,,,18/08/2026 18:46
b9340be6-3dfc-471c-8d5b-8535186a4dc8,catkin.immo,available,36.98,43.98,medium,low,6,namecheap,,,18/09/2026 18:54
53e74c6e-cbb4-4ac6-bc04-f44a9d7d99e5,orphaned.immo,available,36.98,43.98,high,low,8,namecheap,,,04/09/2026 18:01
eb0a81b9-fc47-48f5-9678-5e7374e20706,macdonald.immo,available,34.99,34.99,high,low,9,namesilo,,,25/09/2026 15:47
cbe34fae-82ec-4477-9d64-34e06ab4e138,velasquez.immo,available,34.99,34.99,medium,low,9,namesilo,,,01/10/2026 11:23
29b0d11d-1130-484d-b8fc-99df62b59794,catenate.immo,available,14.99,45.99,medium,low,8,name.com,,,11/08/2026 21:39
d5086c75-975c-498d-9b7c-775ff3a1573b,decorations.immo,available,28.15,28.15,medium,low,11,spaceship,,,28/09/2026 23:03
bf640866-5350-430a-9683-fd95436be3b9,angolan.immo,available,14.99,45.99,high,low,7,name.com,,,
4e830b4e-a7f6-4b16-ad77-f9da255fd42f,clerical.immo,available,14.99,45.99,high,low,8,name.com,,,12/08/2026 10:48
22809442-b191-4af2-bb83-83c8a435b590,personal.immo,premium,68.51,68.51,high,low,8,spaceship,,,01/10/2026 21:13
add9fdcb-efc3-45aa-bdae-3225eac2c268,cyberspace.immo,available,28.15,28.15,high,low,10,spaceship,,,28/09/2026 08:02
fd1c3a78-ca91-48b8-a410-35d142df3af7,activator.immo,available,34.99,34.99,high,low,9,namesilo,,,17/09/2026 05:10
327129a9-ede3-461e-a844-7f9d43aaa621,hangout.immo,available,14.99,,high,low,8,name.com,,,
1719c64d-ff59-47e2-9485-4e09dcbebcef,jib.immo,available,34.99,34.99,high,low,3,namesilo,,,21/09/2026 22:10
23fbd2b9-cd12-48ca-9635-3be437b42683,oscillations.immo,available,28.15,28.15,low,low,12,spaceship,,,28/09/2026 12:58
a3a2e7cd-914c-4b3d-a97f-ba6ecf366368,acanthus.immo,available,36.98,43.98,medium,low,8,namecheap,,,16/09/2026 21:02
14ce7ad8-4667-4b08-ae13-34f277ec9ffc,elapsed.immo,available,14.99,45.99,medium,low,7,name.com,,,16/08/2026 00:41
1e2c2625-8635-4ade-9044-f368f2130e3a,tart.immo,available,14.99,45.99,medium,low,4,name.com,,,13/08/2026 14:25
303072a9-831a-454d-9d44-ec443731fc81,mortars.immo,available,34.99,34.99,low,low,7,namesilo,,,21/09/2026 02:28
37b14b64-fc06-4093-8aeb-212b2e1c26e4,neuter.immo,available,34.99,34.99,medium,low,6,namesilo,,,03/09/2026 16:30
01911bda-0c98-43c8-bccc-dad62edca8c0,owlish.immo,available,34.99,34.99,medium,low,6,namesilo,,,04/09/2026 22:14
7de7bcfc-4f92-4a23-85c1-828b5100a55c,bikes.immo,available,28.15,28.15,low,low,5,spaceship,,,29/09/2026 11:14
9622c951-9402-419d-a690-810cc2ae07a0,empires.immo,available,28.15,28.15,medium,low,7,spaceship,,,01/10/2026 17:53
edf9e4ab-6333-4e82-94a5-f19890634433,edacious.immo,available,14.99,45.99,medium,low,8,name.com,,,15/08/2026 05:24
0ec3423b-87ac-40d4-8f2c-5c1b54611fce,ricardo.immo,available,34.99,34.99,high,low,7,namesilo,,,25/09/2026 04:47
ec0e485a-9731-49b5-83a7-2df21f9127f2,autobus.immo,available,34.99,34.99,medium,low,7,namesilo,,,21/09/2026 05:51
56efbf2e-8d47-4e66-9adc-d6147e01e434,volts.immo,available,34.99,34.99,medium,low,5,namesilo,,,02/10/2026 03:43
3ec4dd6e-8dfa-407c-8277-90335b9421d2,neapolitan.immo,available,34.99,34.99,medium,low,10,namesilo,,,03/09/2026 14:18
72f64d96-ff76-4975-bde1-149514cc5a71,comedy.immo,available,34.99,34.99,high,low,6,namesilo,,,24/09/2026 16:25
3975e4ad-e0e9-48f2-9efe-fd1efc2ae77b,brigade.immo,available,34.99,34.99,high,low,7,namesilo,,,24/09/2026 10:19
c3626ea9-7423-4c19-a67d-28ead741f8a7,albany.immo,available,34.99,34.99,high,low,6,namesilo,,,18/09/2026 02:27
76bb93a7-f7c9-453c-b99b-f3495de7252a,blacktail.immo,available,34.99,34.99,medium,low,9,namesilo,,,23/09/2026 23:51
c8134cab-ba67-4c21-9d37-3c6be922f03a,femur.immo,available,8.24,29.11,high,low,5,dynadot,,,01/10/2026 19:33
a9e6e72e-4301-4dd7-bed2-bdeb7b5c3a25,niobium.immo,available,34.99,34.99,medium,low,7,namesilo,,,20/09/2026 23:04
69ca6484-34be-44c5-b218-914a4ba93e9c,braxton.immo,available,34.99,34.99,medium,low,7,namesilo,,,29/09/2026 11:12
cf6ffb71-6fd9-4ad5-be1f-7bc90d0bbc75,annoyed.immo,available,34.99,34.99,medium,low,7,namesilo,,,22/09/2026 05:18
ea2ca41c-c2bd-4bd6-bf6e-3d6cb884d5bb,rican.immo,available,34.99,34.99,high,low,5,namesilo,,,25/09/2026 13:13
cd790289-42da-4ff6-9a09-32616f75f652,smashing.immo,available,14.99,45.99,high,low,8,name.com,,,08/08/2026 12:53
a87d623e-4f9a-4afd-a02f-13a80d4cce09,maastricht.immo,available,28.15,28.15,medium,low,10,spaceship,,,29/09/2026 22:00
88d5b27a-d803-49f4-87b6-e87c62e83ba7,displeasure.immo,available,27.2,27.2,medium,low,11,cloudflare,,,01/10/2026 05:24
c3829765-5c8f-43db-a714-055eb4314759,celluloid.immo,available,14.99,45.99,high,low,9,name.com,,,11/08/2026 23:34
ca0a94f7-9c53-40e5-9b91-5f4afcfbd35c,gorki.immo,available,34.99,34.99,medium,low,5,namesilo,,,18/09/2026 05:08
c0bc8b7b-d12d-40eb-94c7-6c64b834a520,simultaneous.immo,available,34.99,34.99,high,low,12,namesilo,,,30/09/2026 06:08
1e6c0c74-d48a-44eb-9f03-7a969d3e4d95,georgians.immo,available,59.99,59.99,medium,low,9,godaddy,,,01/10/2026 01:07
3edffaab-9ebe-4631-a5d8-26db9b4bb8d6,extremist.immo,available,14.99,45.99,medium,low,9,name.com,,,17/08/2026 19:32
04549b2e-d426-47d7-91f7-b324ed51695e,nomadic.immo,available,14.99,45.99,high,low,7,name.com,,,25/08/2026 02:19
b160fd14-27d8-44d5-8026-4e11b3395580,buffet.immo,available,34.99,34.99,high,low,6,namesilo,,,19/09/2026 17:05
b89ed637-2f80-4eb9-bfc2-1b9645e21255,aesir.immo,available,34.99,34.99,medium,low,5,namesilo,,,17/09/2026 13:23
97161acc-91f4-4e2e-8ce3-f5922a769b9c,irritate.immo,available,34.99,34.99,medium,low,8,namesilo,,,29/09/2026 14:40
248858d6-9c0e-4be0-93c7-11ef2f3fe556,osborn.immo,available,34.99,34.99,high,low,6,namesilo,,,27/09/2026 07:58
2f0c12e8-39ae-4ee3-9924-56de84766b0b,opportune.immo,available,34.99,34.99,high,low,9,namesilo,,,04/09/2026 16:43
72903943-7351-4c9c-80c8-bff539c3689b,expressive.immo,available,14.99,45.99,high,low,10,name.com,,,17/08/2026 18:50
bfc0ac43-8967-4dc2-8314-239c218c089e,damn.immo,available,34.99,34.99,high,low,4,namesilo,,,22/09/2026 00:35
c062c060-cb2f-4654-8690-d3675c5dbbe4,brandy.immo,available,36.98,43.98,high,low,6,namecheap,,,24/09/2026 08:12
cfd7e152-ac69-40bf-a032-bfb9588df998,bluish.immo,available,34.99,34.99,high,low,6,namesilo,,,22/09/2026 22:47
e9c57e5b-a583-44ca-862b-eac8f77c56a5,jfk.immo,available,8.24,28.32,high,low,3,porkbun,,,29/09/2026 13:11
276ea7c3-19dc-485a-bce9-23d5f5042705,furtive.immo,available,14.99,45.99,medium,low,7,name.com,,,08/08/2026 06:32
95a7e4ed-5e03-46bf-a980-74ed860190d1,confrontation.immo,available,27.2,27.2,low,low,13,cloudflare,,,28/09/2026 17:10
ad045541-f05c-40e2-b8dc-6740db4c929c,clickbait.immo,available,34.99,34.99,medium,low,9,namesilo,,,02/10/2026 04:10
e87afe12-e0b4-4152-87cb-c06fb20d2ac6,varying.immo,available,34.99,34.99,high,low,7,namesilo,,,13/09/2026 01:31
964a9ece-f8da-4b51-9d84-e7a0b3237d52,sized.immo,available,14.99,45.99,high,low,5,name.com,,,10/09/2026 09:15
8d75a8f8-f091-444b-bb23-c704427fcb1b,liturgical.immo,available,14.99,45.99,medium,low,10,name.com,,,24/08/2026 07:40
b81e6dbf-76ca-4b81-9242-5d51a578ee8b,biographic.immo,available,14.99,45.99,high,low,10,name.com,,,10/08/2026 01:58
33748925-32cc-4c5d-a6c9-c7193acad8fb,bacon.immo,available,34.99,34.99,high,low,5,namesilo,,,28/09/2026 16:51
4a881821-6817-479d-915c-170fe952e6dc,lord.immo,available,34.99,34.99,high,low,4,namesilo,,,22/09/2026 01:47
b7fe9cff-cbaf-40dd-9d15-f44a2c84b276,epical.immo,available,14.99,45.99,medium,low,6,name.com,,,17/08/2026 10:29
1907042a-bac6-48b6-84f0-3c65e041eb3f,addicted.immo,available,36.98,43.98,high,low,8,namecheap,,,21/09/2026 17:07
7eb3450e-c478-468f-8b8e-3893c3ae4e52,moneron.immo,available,14.99,45.99,medium,low,7,name.com,,,25/08/2026 04:30
f217988f-84d2-49ed-80ef-0c97684c5be7,cholesterol.immo,available,28.15,28.15,high,low,11,spaceship,,,29/09/2026 05:08
9e89334e-2312-44a7-86b5-e229771b1108,fooling.immo,available,14.99,45.99,high,low,7,name.com,,,18/08/2026 10:35
f04dc17f-63fe-405f-9e73-8a556a5fec72,yvette.immo,available,28.15,28.15,medium,low,6,spaceship,,,30/09/2026 20:09
49231509-26cd-4841-9d73-24607553785c,teenage.immo,available,34.99,34.99,high,low,8,namesilo,,,11/09/2026 10:07
403d8aff-af4c-4142-816d-30df14b12aab,sls.immo,available,28.15,28.15,high,low,3,spaceship,,,30/09/2026 18:39
071edc95-2ccf-46db-9405-db3ebd43fbf4,stretch.immo,available,36.98,43.98,high,low,7,namecheap,,,21/09/2026 20:13
7950d00a-f373-48f6-bad6-48b64597ef61,freaky.immo,available,14.99,45.99,high,low,6,name.com,,,10/08/2026 10:01
1c317666-76bd-41c7-9eaf-94d271eccba9,printing.immo,available,28.15,28.15,high,low,8,spaceship,,,28/09/2026 06:37
1ce9382c-3a06-46b7-81bd-a015f2860b07,earthlike.immo,available,14.99,45.99,medium,low,9,name.com,,,14/08/2026 22:40
b88224f9-2df8-4e79-9c13-6a0b3ebbb4b8,hermann.immo,resell,,,high,low,7,united-domains GmbH,05/03/2016 09:05,05/03/2027 09:05,26/09/2026 06:38
61f85ee9-0d6c-42a8-b6d1-68300793f16e,constraints.immo,available,36.98,43.98,low,low,11,namecheap,,,20/09/2026 23:49
ec52da47-7346-4143-aa59-2471ef2a1644,toon.immo,available,34.99,34.99,high,low,4,namesilo,,,19/09/2026 09:01
d0edc489-d020-4caa-b68c-a736a0d9dbd1,pottery.immo,available,34.99,34.99,high,low,7,namesilo,,,29/09/2026 06:22
1b5a8bcd-2720-4e02-ad6b-d4201757081e,andrus.immo,available,27.2,27.2,medium,low,6,cloudflare,,,02/10/2026 01:31
1ef82f15-2b11-4228-9c87-2fd45eca4701,genic.immo,available,14.99,45.99,medium,low,5,name.com,,,18/08/2026 21:35
44608952-192d-4f66-953a-ce3896265463,coworkers.immo,available,34.99,34.99,medium,low,9,namesilo,,,02/10/2026 03:43
fe5989bc-cf06-4b4c-8e64-82c015064dda,barley.immo,available,36.98,43.98,high,low,6,namecheap,,,22/09/2026 06:33
c51c40e9-a86f-41fa-93c7-73c502a27767,deceiving.immo,available,28.15,28.15,medium,low,9,spaceship,,,02/10/2026 01:33
4e4d696e-ea3a-4cb3-9227-4a7da153ba1b,afterward.immo,available,14.99,45.99,medium,low,9,name.com,,,
dfafc6da-d5cd-44d5-8ec1-d5604caa7912,donaldson.immo,available,34.99,34.99,medium,low,9,namesilo,,,27/09/2026 01:45
6b62382d-a080-45de-87e5-d51f64d08266,attender.immo,available,14.99,45.99,medium,low,8,name.com,,,07/08/2026 15:17
3401051a-43ee-4707-8f6b-8acf5eea4da3,columns.immo,available,28.15,28.15,low,low,7,spaceship,,,28/09/2026 23:03
79601972-7c6c-4d22-a7ce-71e75927c5a8,shelters.immo,available,34.99,34.99,medium,low,8,namesilo,,,20/09/2026 23:17
667ef471-8fba-44a3-b49a-3326ded1c358,skilful.immo,available,34.99,34.99,high,low,7,namesilo,,,21/09/2026 17:29
72ce9c3a-4b26-4f0b-9415-e5b4bfa3ef71,install.immo,available,28.15,28.15,high,low,7,spaceship,,,30/09/2026 20:22
77c5b3f6-c239-4083-8fb2-4e2622267663,nonu.immo,available,34.99,34.99,medium,low,5,namesilo,,,03/09/2026 18:37
87aea3f5-b2b7-49a4-a37a-441d561c5e4a,pugnacious.immo,available,14.99,45.99,medium,low,10,name.com,,,21/08/2026 00:21
3e27d824-619e-4c5f-af43-5614e4d2bee9,pressed.immo,available,34.99,34.99,high,low,7,namesilo,,,27/09/2026 05:21
c6cbdb6e-9dca-4467-9a34-12410dbed224,subdued.immo,available,14.99,45.99,medium,low,7,name.com,,,14/08/2026 07:54
f06d75e1-06df-432a-9198-ae40422179a7,southwark.immo,available,34.99,34.99,medium,low,9,namesilo,,,29/09/2026 09:21
778bdaa7-12a6-4375-9041-acd836af66b3,unpredictable.immo,available,28.15,28.15,medium,low,13,spaceship,,,28/09/2026 15:57
38fde4e8-5ab3-4c1b-84eb-a21bfabc7248,recap.immo,available,34.99,34.99,high,low,5,namesilo,,,30/09/2026 09:13
e508b2d2-23dd-447b-a059-06a85da71cc6,entries.immo,available,36.98,43.98,medium,low,7,namecheap,,,30/09/2026 06:24
484ab7b6-3a20-4c53-add9-891971e4f3ee,housewife.immo,available,34.99,34.99,high,low,9,namesilo,,,29/09/2026 01:18
d124acc4-be0f-43ea-ac3e-a8b8f0b51da8,annalist.immo,available,34.99,34.99,medium,low,8,namesilo,,,19/09/2026 10:03
186f9c73-de13-478f-89e2-272fbffb2301,parve.immo,available,34.99,34.99,medium,low,5,namesilo,,,08/09/2026 01:27
f84070b2-28e6-45f3-b753-6e469456df8b,andalusian.immo,available,14.99,45.99,high,low,10,name.com,,,
e7943eb0-8b3e-403c-95f9-f49f40e0abcb,ribbed.immo,available,14.99,45.99,medium,low,6,name.com,,,13/08/2026 03:08
6d6b2d03-d0c9-4ed8-941d-c3ef8215e4a4,teacher.immo,available,8.24,28.32,high,low,7,porkbun,,,30/09/2026 00:13
ecf64239-97bc-4559-80b3-314de8ee0d71,sybarite.immo,available,34.99,34.99,medium,low,8,namesilo,,,13/09/2026 07:15
6b03e6ee-d4ed-4f31-ad97-547aff574a50,bow.immo,available,34.99,34.99,high,low,3,namesilo,,,23/09/2026 01:50
702c9491-e434-48b3-b9eb-582ba59e784f,assail.immo,available,34.99,34.99,medium,low,6,namesilo,,,20/09/2026 15:49
ab43ea89-1b8a-4940-9f58-dc6cf9f27dd1,kinky.immo,available,14.99,45.99,high,low,5,name.com,,,17/08/2026 22:20
2ef7333d-ca5f-4adc-ac54-5cea9452949c,jokes.immo,available,36.98,43.98,high,low,5,namecheap,,,25/09/2026 11:35
32d041a4-ff09-4b88-8f58-392340deee6d,detail.immo,available,28.15,28.15,high,low,6,spaceship,,,29/09/2026 14:10
5b423438-71fb-43eb-a24b-b8759826adda,pdp.immo,available,28.15,28.15,high,low,3,spaceship,,,28/09/2026 21:36
741209c9-16dd-4655-99bf-1ba8bf827705,arng.immo,available,34.99,34.99,medium,low,4,namesilo,,,20/09/2026 08:02
184c1b40-a71b-43c8-bd76-94407a2bd023,resignation.immo,available,14.99,,high,low,11,name.com,,,
f2755f40-0c38-4f5e-9756-4b0922941dac,strapped.immo,available,34.99,34.99,medium,low,8,namesilo,,,30/09/2026 00:36
13e64e53-d8a0-4846-b232-7429ac06425a,riming.immo,available,34.99,34.99,medium,low,6,namesilo,,,09/09/2026 16:55
355ceffb-297b-4d13-9aa4-9e6e56a38314,assyrian.immo,available,34.99,34.99,high,low,8,namesilo,,,20/09/2026 16:49
b21bf659-4c48-414d-bd85-c58899692f61,septet.immo,available,14.99,45.99,medium,low,6,name.com,,,
36f46d89-eae9-4d26-a789-848afd1072a8,diarrhea.immo,available,36.98,43.98,medium,low,8,namecheap,,,29/09/2026 18:38
5a44074c-32fc-4ac9-a59b-17980b66f382,flagrant.immo,available,14.99,45.99,medium,low,8,name.com,,,15/08/2026 19:50
2127f708-e464-494a-b535-325b1e79a9d5,cute.immo,available,34.99,34.99,high,low,4,namesilo,,,24/09/2026 03:46
f6738c80-2d07-4351-aa64-bf11eb13bc79,yazoo.immo,available,28.15,28.15,medium,low,5,spaceship,,,29/09/2026 20:37
24e81855-b0a4-4db9-bd21-5a6f5d95896c,deary.immo,available,14.99,45.99,medium,low,5,name.com,,,13/08/2026 18:21
ed876e00-1bf2-43b8-b504-c128f04d852a,gentleman.immo,available,34.99,34.99,high,low,9,namesilo,,,25/09/2026 06:26
c559acff-d4e5-4860-a821-4ed7dce37485,armenian.immo,available,14.99,45.99,high,low,8,name.com,,,06/08/2026 19:39
0335ecf0-7844-498e-8472-df5c0f84dace,tunguska.immo,available,34.99,34.99,medium,low,8,namesilo,,,19/09/2026 05:45
226d2bcf-f2af-458e-8430-817a75063ff2,willful.immo,available,14.99,45.99,medium,low,7,name.com,,,18/08/2026 16:37
7cc7ab72-7d2e-450e-b043-e3d3b0effdaa,clyde.immo,available,34.99,34.99,high,low,5,namesilo,,,25/09/2026 04:17
2d20ba47-e03f-461f-aca0-ff66642fed93,tiered.immo,available,34.99,34.99,medium,low,6,namesilo,,,11/09/2026 15:49
7298a463-84c5-46fb-b366-6df9e2f9fd78,panel.immo,available,34.99,34.99,high,low,5,namesilo,,,19/09/2026 11:40
24e35d44-6559-46d6-a1d5-fc8ccef7b452,converted.immo,available,34.99,34.99,high,low,9,namesilo,,,23/09/2026 00:43
67c2ec81-77e1-4cf2-afc3-bceb3cb56d38,hallelujah.immo,available,27.2,27.2,high,low,10,cloudflare,,,29/09/2026 19:07
cb36c44c-1d02-4c7f-bb84-6da7c64bfb26,arava.immo,available,34.99,34.99,medium,low,5,namesilo,,,20/09/2026 00:28
065e72f9-7fed-4b11-b54a-8768b2145592,dies.immo,available,34.99,34.99,medium,low,4,namesilo,,,25/09/2026 16:12
458d40ef-4f02-48a3-a48a-607a3d8a374f,acris.immo,available,34.99,34.99,medium,low,5,namesilo,,,17/09/2026 03:16
a218a594-7c72-4b56-9b22-8486a61d9521,relocate.immo,available,34.99,34.99,high,low,8,namesilo,,,29/09/2026 02:47
81f5d5e0-944a-417d-ac67-7e3bc2e8d73e,evocative.immo,available,14.99,45.99,high,low,9,name.com,,,17/08/2026 15:14
34b32e7e-9e7a-4ea9-a9b2-a11081f16ffa,ahab.immo,available,36.98,43.98,medium,low,4,namecheap,,,17/09/2026 20:17
a63f27e5-be26-41de-bbe9-35259d35f524,ache.immo,available,14.99,45.99,medium,low,4,name.com,,,
326df5bd-b81c-438d-94cd-15b10af2e6a8,nassau.immo,available,36.98,43.98,high,low,6,namecheap,,,29/09/2026 07:05
b8a7bd60-827c-4c2b-8faa-e7f08525bf2b,noticeable.immo,available,36.98,43.98,high,low,10,namecheap,,,24/09/2026 07:23
29384cc2-78a3-467f-b3e6-36ddfdbffee8,influence.immo,available,14.99,,high,low,9,name.com,,,
cabf1b38-1760-468a-89b2-be835b074dd3,goes.immo,available,34.99,34.99,high,low,4,namesilo,,,25/09/2026 16:38
4a24378a-3bfa-4a69-ab08-972bb4e4d388,akhenaten.immo,available,34.99,34.99,medium,low,9,namesilo,,,17/09/2026 23:57
3809e71e-ac29-4cf7-89de-6bda25539a60,davey.immo,available,28.15,28.15,medium,low,5,spaceship,,,28/09/2026 07:55
f1449846-243e-48ba-a86e-4cb45dc85e45,blackfly.immo,available,34.99,34.99,medium,low,8,namesilo,,,19/09/2026 17:06
830daf20-7acf-4ab9-859a-f404596d0bde,oleaceous.immo,available,34.99,34.99,medium,low,9,namesilo,,,04/09/2026 02:06
88334750-c6b1-4c47-8276-33365686e59c,strongest.immo,available,28.15,28.15,medium,low,9,spaceship,,,28/09/2026 12:52
4e5dc449-9c46-49fc-8dd8-9f4958676579,whorled.immo,available,14.99,45.99,medium,low,7,name.com,,,12/08/2026 16:18
a2585c9a-cf6f-49d4-b579-69c3c8c47383,thusly.immo,available,36.98,43.98,medium,low,6,namecheap,,,16/09/2026 09:04
b91f5afa-b31c-47d7-8ee5-90b85e1203b2,instyle.immo,available,34.99,34.99,high,low,8,namesilo,,,17/09/2026 05:05
4f946cd9-d573-4a5a-8840-f2ca8c04e920,philips.immo,available,,,high,medium,7,,,,
6c14435f-6d25-4c1d-b422-5ec4f5f88b3f,transparent.immo,available,34.99,34.99,high,low,11,namesilo,,,30/09/2026 23:31
86c7bd79-0825-4532-bdae-6c831cf71404,repeat.immo,available,34.99,34.99,high,low,6,namesilo,,,24/09/2026 12:27
b68c64e7-afb1-448e-9883-5c3b4a89de2d,webbed.immo,available,34.99,34.99,medium,low,6,namesilo,,,03/09/2026 16:04
a8820ab5-f9c2-4c13-9d2a-643c09fa0826,infidelity.immo,available,34.99,34.99,medium,low,10,namesilo,,,30/09/2026 01:58
fdde3e92-1f8a-44f3-99d8-ff0ad38bed98,feels.immo,available,28.15,28.15,high,low,5,spaceship,,,01/10/2026 09:54
cbe3f81e-1f92-4e40-8170-d6e444c048d5,jain.immo,available,14.99,45.99,high,low,4,name.com,,,22/08/2026 12:04
0a39f670-2aea-4a52-9961-8dc0a37293c7,mosher.immo,available,8.24,29.11,medium,low,6,dynadot,,,01/10/2026 23:17
e669e2eb-cb15-4051-bd43-d44c213dd9da,mounted.immo,available,14.99,45.99,high,low,7,name.com,,,25/08/2026 08:34
a2947dc6-7905-4187-96a0-72a996fae457,massively.immo,available,34.99,34.99,medium,low,9,namesilo,,,15/09/2026 13:35
be708470-3e61-4f34-87ac-a0b31a35fb68,folds.immo,available,34.99,34.99,medium,low,5,namesilo,,,30/09/2026 14:49
bd63e8c2-c4ef-4df5-a0f6-2b2e8315a340,atmosphere.immo,available,34.99,34.99,high,low,10,namesilo,,,18/09/2026 16:39
f26835b5-032c-4171-96cb-2667f6a5ad9f,bagley.immo,available,34.99,34.99,medium,low,6,namesilo,,,29/09/2026 22:22
ed040c97-242e-4cd3-83ed-6b350c178998,john.immo,available,34.99,34.99,high,medium,4,namesilo,,,09/09/2026 02:17
8b5bf064-809c-4f75-a0df-7efa50285e78,cuny.immo,available,36.98,43.98,medium,low,4,namecheap,,,01/10/2026 06:47
6a25aa16-3adb-4bb8-8f37-b9f82fb7404d,dismantled.immo,available,14.99,45.99,medium,low,10,name.com,,,14/08/2026 01:22
91bffd29-e7dc-4718-bbd3-dae7a0187a81,malefic.immo,available,14.99,45.99,medium,low,7,name.com,,,24/08/2026 13:50
1f29056f-0487-4865-b46e-42e0ded5c58e,incompetent.immo,available,28.15,28.15,medium,low,11,spaceship,,,28/09/2026 21:19
ea3e07a9-8d76-4a23-b1cd-d68ff6cc7de3,onions.immo,available,14.99,,high,low,6,name.com,,,
9e8ae0ff-6092-45f1-8711-b3e40df7ce6f,circumcision.immo,available,28.15,28.15,medium,low,12,spaceship,,,30/09/2026 14:37
44f8c098-ca83-42fc-8a9c-b9443756f634,embryonic.immo,available,14.99,45.99,medium,low,9,name.com,,,16/08/2026 13:28
a54ee2b1-bdea-4950-ba0a-473c79467bf9,correction.immo,available,34.99,34.99,medium,low,10,namesilo,,,28/09/2026 09:23
8f6b6432-246d-4d94-973d-c52c259d544a,belch.immo,available,36.98,43.98,medium,low,5,namecheap,,,23/09/2026 04:34
5873ddf8-05ff-466d-9940-4e0b43c886ed,astronaut.immo,available,36.98,43.98,high,low,9,namecheap,,,20/09/2026 17:56
9ff688a4-7095-41ad-87ae-2fee93504b9f,aras.immo,available,34.99,34.99,medium,low,4,namesilo,,,20/09/2026 00:22
a73755b4-d7a8-41c1-893b-8f0d97f8e503,libertine.immo,available,14.99,45.99,medium,low,9,name.com,,,13/08/2026 20:22
4a9aeef4-5b59-4baa-9813-22c9043b1f12,errand.immo,available,59.99,59.99,high,low,6,godaddy,,,30/09/2026 01:33
b36c60c5-a61f-4faa-ac62-822dc81a6d0f,chandler.immo,available,28.15,28.15,high,low,8,spaceship,,,30/09/2026 01:02
8095cb63-cf42-4abd-be77-f3121ae87131,borrow.immo,available,27.2,27.2,high,low,6,cloudflare,,,30/09/2026 16:13
6c8e874f-c641-4a98-b8bc-d01d64ef9086,gravesend.immo,available,34.99,34.99,medium,low,9,namesilo,,,30/09/2026 21:51
3eac6119-448d-4cc4-ac0d-5616421dc9dd,afl.immo,available,34.99,34.99,high,low,3,namesilo,,,17/09/2026 15:04
50511056-60ff-4191-a68c-652ad5ef793c,judgments.immo,available,36.98,43.98,medium,low,9,namecheap,,,30/09/2026 15:26
19441abc-51dd-4b62-993a-8c66e9b59e31,stilwell.immo,available,8.24,29.11,medium,low,8,dynadot,,,01/10/2026 20:11
023eaa32-80f1-4c98-8d47-5ee9d99f07bf,krakow.immo,available,34.99,34.99,high,low,6,namesilo,,,01/10/2026 01:37
ec55b950-fe73-49e1-93c7-724d13a80fd3,pleural.immo,available,36.98,43.98,medium,low,7,namecheap,,,08/09/2026 21:15
cbbd551e-662d-4ed6-8e88-0e153da0063c,scrooge.immo,available,34.99,34.99,medium,low,7,namesilo,,,30/09/2026 10:35
95d419ab-68ac-4a0f-81f9-21f2878f1b8a,earthly.immo,available,14.99,45.99,high,low,7,name.com,,,14/08/2026 22:42
afda8d1b-a4d8-4de4-9859-44ca3b5cba4a,infections.immo,available,28.15,28.15,low,low,10,spaceship,,,30/09/2026 15:33
34ca4d7f-811d-4456-8eba-d584c46d0788,gracefully.immo,available,34.99,34.99,high,low,10,namesilo,,,14/09/2026 21:54
7d8472d2-baa1-47b4-a87e-6ec8725416bf,selina.immo,available,8.24,29.11,medium,low,6,dynadot,,,01/10/2026 08:36
bc5a0e9f-3d27-46f5-9b24-9d016632ee72,dais.immo,available,36.98,43.98,high,low,4,namecheap,,,18/09/2026 17:12
b6887287-cac0-46e3-bf53-f63c658f967a,entertaining.immo,available,34.99,34.99,high,low,12,namesilo,,,28/09/2026 07:00
fcfb4f16-5338-4e6c-8844-f4da53ef2d92,hobbs.immo,available,34.99,34.99,high,low,5,namesilo,,,27/09/2026 04:26
27c388ca-6d7a-4553-bacf-444d388fddce,bight.immo,available,34.99,34.99,medium,low,5,namesilo,,,23/09/2026 15:12
aa53c505-d5a8-4537-91ed-5de24bf83f14,gev.immo,available,34.99,34.99,medium,low,3,namesilo,,,30/09/2026 12:48
b16465c4-749a-4b4d-844d-19eead057895,grub.immo,available,14.99,45.99,high,low,4,name.com,,,11/08/2026 09:30
e5e6ec3f-835b-4b90-8afe-f07a38af4165,robed.immo,available,14.99,45.99,medium,low,5,name.com,,,06/08/2026 05:03
8fc7b8dc-a6d5-4378-baea-34e827019867,scowling.immo,available,14.99,45.99,medium,low,8,name.com,,,09/08/2026 08:33
b23519a2-51b3-4223-a93c-7c33f3705fc1,gandhi.immo,available,8.24,28.32,high,low,6,porkbun,,,29/09/2026 20:38
05c6379f-a35b-48af-ae0d-019bde804727,mellowed.immo,available,14.99,45.99,medium,low,8,name.com,,,24/08/2026 19:36
2a7aa084-82a4-4186-9e2c-45eaa755713d,resign.immo,available,34.99,34.99,medium,low,6,namesilo,,,30/09/2026 06:20
c02500d7-8afc-4a47-b9cf-221f50c04535,truster.immo,available,34.99,34.99,medium,low,7,namesilo,,,23/09/2026 05:14
026b2f1b-8f03-4140-8600-98314cc81816,diminuendo.immo,available,14.99,45.99,medium,low,10,name.com,,,13/08/2026 22:19
def8dc84-3f1f-4ced-adac-f129202d30e3,underdone.immo,available,34.99,34.99,medium,low,9,namesilo,,,12/09/2026 07:24
6d69e261-0e24-44c2-88a6-a1fe911d57dd,nuts.immo,available,36.98,43.98,high,low,4,namecheap,,,22/09/2026 08:20
b335d452-41ad-4db7-a15e-b44e1f01b682,replied.immo,available,34.99,34.99,medium,low,7,namesilo,,,18/09/2026 01:09
8ef1cb13-c980-422a-996f-214c667f8b1c,milled.immo,available,14.99,45.99,medium,low,6,name.com,,,24/08/2026 23:08
cfebc68f-770c-4e7c-9723-329c0514fb73,brits.immo,available,14.99,45.99,medium,low,5,name.com,,,11/08/2026 04:46
6bc60960-5680-4ddb-b5c6-d0eabd6c2778,liveable.immo,available,14.99,45.99,high,low,8,name.com,,,24/08/2026 07:44
5108fead-711d-4b43-a3ab-f61e477c2c0a,dingdong.immo,available,34.99,34.99,high,low,8,namesilo,,,14/09/2026 12:47
fe9a5ab5-24b0-4405-9acd-cc274945b330,joint.immo,available,34.99,34.99,high,low,5,namesilo,,,22/09/2026 08:50
781f165a-2836-4b32-9f59-1771e8337312,establishment.immo,available,14.99,,high,low,13,name.com,,,
6e03fd8c-6da5-422d-abe5-7e3c87b1f98e,scum.immo,available,8.24,28.32,high,low,4,porkbun,,,29/09/2026 08:02
9e950c5b-9b3c-4df8-b9ca-cc6f68e6f16b,indicate.immo,available,36.98,43.98,high,low,8,namecheap,,,27/09/2026 05:02
fd6d3a60-14f2-41d8-97c1-b638f7e54dd0,patiently.immo,available,14.99,45.99,medium,low,9,name.com,,,15/09/2026 19:20
056b8341-ef44-4390-ba1e-a7feb415964a,sizable.immo,available,14.99,45.99,high,low,7,name.com,,,20/08/2026 16:38
fc7a478b-58e7-4736-945d-b2e1173166ed,crowns.immo,available,34.99,34.99,medium,low,6,namesilo,,,18/09/2026 06:26
124cda32-278e-4502-8775-8114b9300782,venerating.immo,available,34.99,34.99,high,low,10,namesilo,,,09/09/2026 16:09
401e9822-7b58-43eb-b5ab-a1d732a694d9,armadillo.immo,available,34.99,34.99,high,low,9,namesilo,,,20/09/2026 06:27
a736a7d6-f82d-43fb-89a0-7b93e46a4768,elsa.immo,available,8.24,29.11,high,low,4,dynadot,,,28/09/2026 08:37
6f9ee768-c76d-4e9b-afce-6ddc9b4d1c9b,anarchist.immo,available,34.99,34.99,high,low,9,namesilo,,,19/09/2026 02:24
5da9de17-65a1-4ae6-89b6-c39d2270c6bd,vocalic.immo,available,34.99,34.99,medium,low,7,namesilo,,,13/09/2026 06:26
4425144e-62e0-4eec-a357-f038de3d9f39,harrisburg.immo,available,34.99,34.99,high,low,10,namesilo,,,25/09/2026 22:04
eeca2cf6-96c1-4a70-8c6b-a20912959b39,becomes.immo,available,36.98,43.98,medium,low,7,namecheap,,,27/09/2026 10:31
35127a24-8871-4a3b-89a9-1b32ebb5cba4,burst.immo,available,34.99,34.99,high,low,5,namesilo,,,24/09/2026 10:35
568bb05f-be62-4e7a-b32a-728d656c66f2,rocky.immo,available,34.99,34.99,high,low,5,namesilo,,,23/09/2026 01:13
dd9edcef-552a-473b-bd06-6dd49c37cdee,infernal.immo,available,14.99,45.99,high,low,8,name.com,,,10/08/2026 12:50
cf666af5-ce1a-4187-90d9-b42d126bc6a4,arriver.immo,available,34.99,34.99,high,low,7,namesilo,,,20/09/2026 09:16
3f6b3cd1-9cd6-41fe-acc4-d8b74de99119,bribery.immo,available,34.99,34.99,medium,low,7,namesilo,,,29/09/2026 11:46
34eba692-0038-4b66-addf-f04acfdd866d,organismic.immo,available,36.98,43.98,medium,low,10,namecheap,,,04/09/2026 17:49
3c38be72-075f-4f50-b35f-0f8fad48c6ec,docking.immo,available,36.98,43.98,high,low,7,namecheap,,,29/09/2026 06:41
4ff97380-d5d0-4b7e-b73b-dda5c890465d,workable.immo,available,14.99,45.99,high,low,8,name.com,,,17/08/2026 16:53
12df921f-7c9e-4084-9181-cc88dd9526b2,warning.immo,available,34.99,34.99,high,low,7,namesilo,,,13/09/2026 08:25
90e90ae1-dd35-475c-bcdd-5ac239c05ee5,requisite.immo,available,14.99,45.99,high,low,9,name.com,,,17/08/2026 13:21
dde09c5e-20ac-4efa-acb2-efd575685198,adviser.immo,available,36.98,43.98,high,low,7,namecheap,,,28/09/2026 19:03
5da0b2a7-3369-4816-9ee9-292dddd2da27,ushers.immo,available,34.99,34.99,medium,low,6,namesilo,,,20/09/2026 19:46
a2650538-eb44-46fe-9307-37b856976587,drying.immo,available,34.99,34.99,high,low,6,namesilo,,,16/09/2026 09:24
923aa930-38d0-4f49-a193-c309c9953982,firmly.immo,available,34.99,34.99,high,low,6,namesilo,,,19/09/2026 17:07
a04307e6-6286-4736-b2d5-dc3722bde4f4,ehrlich.immo,available,28.15,28.15,medium,low,7,spaceship,,,29/09/2026 00:46
56d1b863-f48a-41b4-a933-44efdac27e3f,assamese.immo,available,14.99,45.99,medium,low,8,name.com,,,07/08/2026 05:38
8a54ca12-64ea-45b5-b02f-1c9c65008ddf,consented.immo,available,28.15,28.15,medium,low,9,spaceship,,,02/10/2026 02:29
0e3f169d-dc2f-407f-98a8-c786918b4b2a,merging.immo,available,14.99,45.99,high,low,7,name.com,,,24/08/2026 20:43
5486cd4d-11b7-4472-9ead-aa5c8b0abc08,reality.immo,available,34.99,34.99,high,low,7,namesilo,,,26/09/2026 00:09
fbe95a9b-00e6-4e65-9fed-41efc38c556b,backstitch.immo,available,34.99,34.99,medium,low,10,namesilo,,,21/09/2026 16:04
c5e17c8a-4064-4895-9343-599691aff820,petersburg.immo,available,34.99,34.99,medium,low,10,namesilo,,,29/09/2026 07:52
4c0ee956-8e4b-45e0-97e9-fd2e389ee6c0,nonchalant.immo,available,14.99,45.99,high,low,10,name.com,,,11/08/2026 20:36
a8ff115f-3613-48d5-87dd-f0276f200cce,involuntary.immo,available,34.99,34.99,medium,low,11,namesilo,,,30/09/2026 11:32
eb3c3113-74c4-4e56-a2c5-c9b89f53074e,callahan.immo,available,28.15,28.15,medium,low,8,spaceship,,,28/09/2026 08:05
13a33251-53a3-490e-90f8-26ad4dadf952,tie.immo,available,28.15,28.15,high,low,3,spaceship,,,28/09/2026 19:19
57c9f6cf-ad3e-4939-9f81-58b762149980,mutilated.immo,available,14.99,45.99,medium,low,9,name.com,,,24/08/2026 13:22
b4db2b70-2ec8-467b-90a1-84f25387a21a,certificate.immo,available,28.15,28.15,high,low,11,spaceship,,,01/10/2026 05:07
89681308-3e82-46d0-98c0-80af7189cfea,bertolucci.immo,available,34.99,34.99,medium,low,10,namesilo,,,23/09/2026 09:50
0a2cc14a-27d0-4b07-a81d-c883ce2eb172,jurassic.immo,available,14.99,45.99,high,low,8,name.com,,,22/08/2026 14:38
68549f91-9181-43a6-b1a8-7506335151eb,betrayal.immo,available,34.99,34.99,medium,low,8,namesilo,,,23/09/2026 11:24
212d21a1-5bab-4fb6-b1fb-d70c11ad86bc,taxpaying.immo,available,34.99,34.99,medium,low,9,namesilo,,,11/09/2026 09:32
9465dd8c-73bc-4bfa-9a3d-c6141afab809,scrutinize.immo,available,14.99,45.99,high,low,10,name.com,,,21/09/2026 03:06
f14953c9-cd64-4867-ae2b-cfddce56bca8,way.immo,premium,440,440,high,low,3,dynadot,,,27/09/2026 15:08
ce46a042-a856-4aae-a2c4-6f41804beb71,alden.immo,available,34.99,34.99,medium,low,5,namesilo,,,30/09/2026 13:53
8895ff4f-05ca-45c6-96bc-5641c9e3e65f,kabul.immo,available,34.99,34.99,medium,low,5,namesilo,,,27/09/2026 12:08
45fa4b10-408f-4fc3-a168-fba43dcec252,rtc.immo,available,28.15,28.15,high,low,3,spaceship,,,30/09/2026 12:40
75ab67a5-dd53-4b98-8e2d-b18bd3d1bd47,primadonna.immo,available,14.99,,medium,low,11,name.com,,,
ae683201-2f2d-4826-b3a2-cecaf52bad08,neighbor.immo,available,27.2,27.2,high,low,8,cloudflare,,,30/09/2026 05:34
a0a05285-c66a-4399-92fd-434f22ee2c7a,feature.immo,available,34.99,34.99,high,low,7,namesilo,,,30/09/2026 13:50
f268498f-e369-4dca-af15-01e2b56034bd,warwickshire.immo,available,36.98,43.98,medium,low,12,namecheap,,,29/09/2026 03:43
08a5cdfc-f7a6-4cbc-8d2d-dbf12d1c3a0c,doubted.immo,available,34.99,34.99,low,low,7,namesilo,,,29/09/2026 16:14
ab70294e-b8b4-48b9-8ec5-48587284bfa9,xci.immo,available,14.99,45.99,medium,low,3,name.com,,,
f15bc626-aaa5-496e-a39c-957c834dd84e,panamanian.immo,available,34.99,34.99,high,low,10,namesilo,,,05/09/2026 00:34
065f156d-a8f8-4ed9-b625-151446a2147d,sealing.immo,available,28.15,28.15,high,low,7,spaceship,,,30/09/2026 18:36
47a63ebb-1614-47b4-be4a-576877f123db,helmets.immo,available,28.15,28.15,medium,low,7,spaceship,,,30/09/2026 00:28
81386582-f2cc-483e-8500-89d5d6bf1306,banneret.immo,available,36.98,43.98,medium,low,8,namecheap,,,22/09/2026 02:54
5fd5e1c4-8677-4a54-aebd-004c65c1c7d4,outcome.immo,available,34.99,34.99,high,low,7,namesilo,,,29/09/2026 11:10
eeeda553-94b4-424c-a77c-0d409cf2be82,babyish.immo,available,14.99,45.99,medium,low,7,name.com,,,08/08/2026 03:53
d8a0c051-f6a8-4faa-841b-d07eeb1b3fd6,barrymore.immo,available,34.99,34.99,medium,low,9,namesilo,,,22/09/2026 08:52
901d219a-be92-4f00-b1df-3c9e9a72d23a,overeasy.immo,available,14.99,45.99,medium,low,9,name.com,,,16/09/2026 17:44
aa4b2535-56fe-43b4-9bd5-34a18dead7cd,robyn.immo,available,34.99,34.99,high,low,5,namesilo,,,29/09/2026 22:07
41d2cc83-075f-4630-89f3-f4457049b892,forgiveness.immo,available,34.99,34.99,high,low,11,namesilo,,,28/09/2026 08:15
bea4c587-0011-4236-af3f-dd6eac992c80,she.immo,available,34.99,34.99,high,low,3,namesilo,,,30/09/2026 22:17
31737337-034a-42cc-8171-01db307363b6,aunts.immo,available,34.99,34.99,medium,low,5,namesilo,,,18/09/2026 15:51
421fa8e2-0b68-4fea-9a42-e88a3c9f9cdf,headfirst.immo,available,14.99,45.99,medium,low,9,name.com,,,21/08/2026 01:52
85e3756d-8891-4b0d-92af-365dfd4bc5b8,duple.immo,available,14.99,45.99,medium,low,5,name.com,,,14/08/2026 20:37
01fb8890-a8f0-4f2a-88fa-263c3558f96e,boating.immo,available,27.2,27.2,high,low,7,cloudflare,,,29/09/2026 18:01
c2951310-96cd-42da-b989-a76466a938ea,esteemed.immo,available,14.99,45.99,high,low,8,name.com,,,17/08/2026 13:23
cde14f7a-0920-4423-9395-2fb8b60a5842,planktonic.immo,available,34.99,34.99,medium,low,10,namesilo,,,08/09/2026 20:46
64320cff-7d0a-42b9-acaa-a3dd5f2f997f,styleless.immo,available,34.99,34.99,low,low,9,namesilo,,,10/09/2026 23:15
9297d044-f77f-486a-aa55-5bccbc7e25d0,alcaic.immo,available,34.99,34.99,medium,low,6,namesilo,,,18/09/2026 03:46
0f524eb9-bbd1-4b5b-99ad-007b83273fd0,inform.immo,available,28.15,28.15,high,low,6,spaceship,,,30/09/2026 20:20
e1b8d7a5-755a-4267-82b7-ec51c9845270,basque.immo,available,36.98,43.98,medium,low,6,namecheap,,,22/09/2026 11:41
dbeb3382-99f5-4309-b11f-77b1e8bb0a6b,meshuga.immo,available,14.99,45.99,medium,low,7,name.com,,,24/08/2026 21:06
ff25791c-fcec-42d4-af24-c1fd76acc69e,memorable.immo,available,36.98,43.98,high,low,9,namecheap,,,25/09/2026 19:29
108359bc-9714-4bf7-82bf-ab011f1e351b,humoring.immo,available,34.99,34.99,high,low,8,namesilo,,,05/09/2026 00:31
3ffc7c5a-b4be-437b-baef-01b706b30440,resinated.immo,available,34.99,34.99,medium,low,9,namesilo,,,09/09/2026 15:09
d63b192d-394d-4e12-abbb-483f55c80d2c,wilcox.immo,available,34.99,34.99,medium,low,6,namesilo,,,27/09/2026 01:45
4e60fb9a-4dec-495f-8330-536935afde43,saloon.immo,available,34.99,34.99,high,low,6,namesilo,,,22/09/2026 03:40
25e22093-f5a6-4329-b98f-e883ee22a11b,risible.immo,available,14.99,45.99,medium,low,7,name.com,,,12/08/2026 19:02
78e66334-1987-4d2c-ac84-a77f1a09834d,parasites.immo,available,34.99,34.99,low,low,9,namesilo,,,29/09/2026 22:54
9562ceff-ff70-46e2-a7f2-1a937adb99ec,impeding.immo,available,14.99,45.99,medium,low,8,name.com,,,12/08/2026 11:44
6a3d2e06-d98c-4cec-a3fd-bf6ae29bb314,triumphal.immo,available,14.99,45.99,high,low,9,name.com,,,17/08/2026 19:54
0a6dc684-7d6d-4124-aa73-cfcf19278ea0,valladolid.immo,available,28.15,28.15,high,low,10,spaceship,,,29/09/2026 22:02
0ed73d80-75d7-45db-98eb-2469dd8a3f9c,scandinavian.immo,available,27.2,27.2,high,low,12,cloudflare,,,30/09/2026 19:16
493dd0fb-5654-4751-ac7e-c0e6a9f30118,arlington.immo,premium,78.54,78.54,high,low,9,namesilo,,,20/09/2026 06:16
76f624f5-a7a4-4d06-b976-0a015d5a5251,regulation.immo,available,34.99,34.99,high,low,10,namesilo,,,09/09/2026 13:07
8a7850d3-cca1-40b6-b583-f61be5c6eb8d,netherland.immo,available,28.15,28.15,medium,low,10,spaceship,,,30/09/2026 05:30
4f51ace0-7183-4794-8195-db915654a6aa,resemblance.immo,available,14.99,,high,low,11,name.com,,,
fde0f82e-679d-43e1-9502-4fb21bd47533,materials.immo,available,34.99,34.99,medium,low,9,namesilo,,,28/09/2026 12:42
dd79ddf5-b8c6-4862-bbc2-b96ceb9721f3,nei.immo,available,28.15,28.15,medium,low,3,spaceship,,,01/10/2026 23:49
3fd031b6-9418-4cd3-9674-d20fa99acbb3,ronald.immo,available,27.2,27.2,medium,low,6,cloudflare,,,28/09/2026 11:51
64ae5012-052c-4ec0-806d-1ccf0fb18eb4,ecological.immo,available,36.98,43.98,high,low,10,namecheap,,,29/09/2026 21:02
95dbca79-900d-489d-a1e3-5033b9d5ce38,unlike.immo,available,34.99,34.99,high,low,6,namesilo,,,28/09/2026 09:47
3ddb24b4-9253-49a4-8ca1-ccbc00f36237,feedback.immo,available,34.99,34.99,high,medium,8,namesilo,,,28/09/2026 14:09
9103a43e-b582-4e9c-b825-c63e1cafbf30,acold.immo,available,14.99,45.99,medium,low,5,name.com,,,
8dddb780-bf72-4d4d-88d1-e705d332c377,stating.immo,available,8.24,29.11,high,low,7,dynadot,,,01/10/2026 19:25
601c37da-06b1-4733-bf7a-93a66d2585a0,discriminate.immo,available,28.15,28.15,high,low,12,spaceship,,,01/10/2026 05:36
f18858cd-f5fc-4245-b218-58cc2f50f7d6,gasp.immo,available,34.99,34.99,high,low,4,namesilo,,,01/10/2026 19:41
6f194c9f-f7df-4fae-84f6-442018b4e9ae,reported.immo,available,27.2,27.2,high,low,8,cloudflare,,,27/09/2026 11:56
6f672f88-f12c-4b99-ac49-c7b893ec3be2,tampico.immo,available,34.99,34.99,high,low,7,namesilo,,,01/10/2026 04:00
29fcb10f-e489-49ce-ade2-90bafe05b358,subocean.immo,available,34.99,34.99,low,low,8,namesilo,,,11/09/2026 00:32
286173c0-0fb6-4b08-a88f-56f193023d77,asklepios.immo,available,34.99,34.99,medium,low,9,namesilo,,,17/09/2026 13:21
342bae91-bc5f-4541-b631-f44a8a7cbedc,edgewise.immo,available,14.99,45.99,medium,low,8,name.com,,,14/09/2026 15:02
b0914651-f1f5-432b-8768-d2d869fbb646,backwater.immo,available,34.99,34.99,high,low,9,namesilo,,,21/09/2026 16:21
d8fe93f6-2328-4924-b145-b7820ece7244,swansea.immo,available,34.99,34.99,medium,low,7,namesilo,,,28/09/2026 10:58
946e23b4-cb2d-48c9-a58a-f0a06c25457a,dosed.immo,available,14.99,45.99,medium,low,5,name.com,,,14/08/2026 16:24
eaab8337-16db-42e4-8eab-55e5dd20d1ba,useful.immo,available,34.99,34.99,high,low,6,namesilo,,,28/09/2026 10:01
255120d9-96b8-49a2-a0e2-b3afd5b7d483,whizz.immo,available,36.98,43.98,high,low,5,namecheap,,,21/09/2026 18:06
246182fd-8d50-4a4d-81b4-60e34acf8949,unvoiced.immo,available,34.99,34.99,medium,low,8,namesilo,,,11/09/2026 03:39
312dda9e-57e4-4a44-b6c1-13fccd024466,pew.immo,available,28.15,28.15,high,low,3,spaceship,,,02/10/2026 04:22
bfd94149-5bf4-41cb-ae0e-face3c78a088,whitlock.immo,available,28.15,28.15,medium,low,8,spaceship,,,30/09/2026 21:49
f11599ab-784e-42e8-b793-9e3a7759a4ad,phial.immo,available,14.99,45.99,medium,low,5,name.com,,,18/09/2026 23:47
f4768109-1bdf-4fa9-bf99-bb3bbced74a9,plentiful.immo,available,36.98,43.98,high,low,9,namecheap,,,27/09/2026 04:16
f4511cdd-3825-4f32-bec3-5f0d33b0ef40,inimitable.immo,available,14.99,45.99,high,low,10,name.com,,,22/08/2026 05:23
4d4ffaa0-6109-46a9-9b63-16051b37ec3b,cherub.immo,available,34.99,34.99,high,low,6,namesilo,,,24/09/2026 14:18
d63e03ee-a43d-4e4c-8167-c58b7189343c,halley.immo,available,59.99,59.99,medium,low,6,godaddy,,,30/09/2026 01:28
e00a3ba0-341e-433f-96e4-19419cc7010f,gaelic.immo,available,14.99,45.99,high,low,6,name.com,,,11/08/2026 23:40
5b8c202a-9c13-428d-9e8d-513f6a32a902,pour.immo,available,36.98,43.98,high,low,4,namecheap,,,30/09/2026 18:27
56464763-22f2-4986-8467-cdb98860976f,moons.immo,available,34.99,34.99,high,low,5,namesilo,,,30/09/2026 05:51
aa26efe5-bb13-4ccd-bbe9-236c6f68c60d,augsburg.immo,premium,3300,3300,high,low,8,dynadot,,,27/09/2026 20:03
c810d952-1f2e-4065-a33a-166d82faa63d,acquitted.immo,available,14.99,45.99,medium,low,9,name.com,,,
a0cccfe4-b88b-4d70-802a-02065cbf1ff7,snatcher.immo,available,34.99,34.99,medium,low,8,namesilo,,,16/09/2026 14:55
75d5b866-cfd4-43b1-9da8-515cb294e72b,lavas.immo,available,28.15,28.15,medium,low,5,spaceship,,,01/10/2026 17:44
29414c18-c7b9-4136-a499-055f58d85337,brandenburg.immo,premium,220,220,high,low,11,dynadot,,,27/09/2026 16:50
b2de096d-6e5c-44d4-9aab-1f82ed72fe62,implied.immo,available,36.98,43.98,high,low,7,namecheap,,,30/09/2026 22:53
8e09d706-edd0-4c40-88ee-ede968ea67f5,lanes.immo,available,28.15,28.15,medium,low,5,spaceship,,,29/09/2026 10:32
91a4374a-959a-4f3c-b8b6-c4e7f20a0eee,isles.immo,available,36.98,43.98,medium,low,5,namecheap,,,20/09/2026 01:00
20cc1e7c-14b8-44d0-a07c-898b3190ac9e,kleist.immo,available,36.98,43.98,medium,low,6,namecheap,,,23/09/2026 09:54
9c5bca18-077e-47c6-b298-b98ed6482aca,excuses.immo,available,27.2,27.2,medium,low,7,cloudflare,,,28/09/2026 23:11
8ab5118b-80a0-48db-9ca6-3f598a793884,faye.immo,available,34.99,34.99,medium,low,4,namesilo,,,28/09/2026 13:31
36e201ed-d9ae-4071-8cf6-741c3f1fab3f,continents.immo,available,36.98,43.98,medium,low,10,namecheap,,,18/09/2026 12:00
11303a27-2e01-4443-ab39-2d675216bd4e,compressed.immo,available,36.98,43.98,high,low,10,namecheap,,,23/09/2026 18:05
64e7814a-04c6-4769-82b9-8a0c0305a572,orderly.immo,available,34.99,34.99,high,low,7,namesilo,,,03/09/2026 14:34
b7c03826-4727-43c9-86fd-f9678ead0643,precautions.immo,available,34.99,34.99,medium,low,11,namesilo,,,18/09/2026 09:01
852128c3-d364-459f-9999-22a1d1a17354,conniption.immo,available,14.99,45.99,medium,low,10,name.com,,,18/08/2026 05:43
7f01dd66-dcbe-4bf1-ac15-7bf31bb29bc6,tablet.immo,available,28.15,28.15,high,low,6,spaceship,,,28/09/2026 20:05
97d24bc0-fe93-4afa-938e-85ecd995eac2,wiring.immo,available,8.24,28.32,high,low,6,porkbun,,,30/09/2026 14:45
e7cee522-ab1d-441d-b885-6e049975f6c9,analysts.immo,available,28.15,28.15,medium,low,8,spaceship,,,30/09/2026 07:46
d4e5e526-8895-4b41-8b34-10232ff05ba6,understood.immo,available,59.99,59.99,high,low,10,godaddy,,,28/09/2026 02:13
4c7f6558-6ffb-4a3f-9125-a0d130f8f4b7,squire.immo,available,34.99,34.99,high,low,6,namesilo,,,29/09/2026 08:07
65d58188-88c5-4a0b-97c9-c63bd4012cfc,trendy.immo,available,36.98,43.98,high,low,6,namecheap,,,11/09/2026 19:19
741cbdd0-8f97-40c0-8ddb-8a99b3ebe4e1,stint.immo,available,27.2,27.2,high,low,5,cloudflare,,,01/10/2026 19:29
e8759c6b-47f1-41eb-a1c2-971e54a07d35,traded.immo,available,34.99,34.99,medium,low,6,namesilo,,,02/10/2026 02:47
ad356833-f50b-4b92-9f3e-949a0893e5e4,vitreous.immo,available,34.99,34.99,medium,low,8,namesilo,,,13/09/2026 06:18
41a8d85c-02e5-49d6-88aa-2d602a7fd22e,lachrymose.immo,available,14.99,45.99,medium,low,10,name.com,,,14/08/2026 15:34
95982554-d0ab-4d59-8b0f-23f4c6b6a13e,hebron.immo,available,28.15,28.15,medium,low,6,spaceship,,,28/09/2026 16:34
523ffc89-039a-4a73-97cb-68869e67cd8e,jaffa.immo,available,34.99,34.99,high,low,5,namesilo,,,29/09/2026 13:12
1f880e8d-85cb-48b5-9cd1-f2aec9273a22,ugandan.immo,available,34.99,34.99,medium,low,7,namesilo,,,11/09/2026 22:40
804c2965-229e-48c3-9d9d-5de254c07b9c,specks.immo,available,36.98,43.98,medium,low,6,namecheap,,,20/09/2026 10:46
1ddf16a4-ad1c-4c23-b39d-ea982d2c250b,immune.immo,available,14.99,45.99,high,low,6,name.com,,,21/08/2026 21:26
e2b42f84-ddcb-425a-a800-3d725d101a24,caramel.immo,available,14.99,45.99,high,low,7,name.com,,,11/08/2026 18:28
d69d70bd-e86e-4d33-966f-956219a0484d,learns.immo,available,34.99,34.99,medium,low,6,namesilo,,,20/09/2026 05:46
f61f0861-0497-46db-b0c3-68c1a907937c,sweetsop.immo,available,34.99,34.99,medium,low,8,namesilo,,,19/09/2026 10:27
6b1cbaaa-5369-45b0-a891-ca59b66f3b0c,broadcasting.immo,available,34.99,34.99,medium,low,12,namesilo,,,28/09/2026 12:27
2006c3ef-c187-421b-a1b8-df4ead76ec7e,carr.immo,available,36.98,43.98,high,low,4,namecheap,,,29/09/2026 14:27
d3b8d936-ef73-4e90-9a09-000161cff5ee,trigonal.immo,available,14.99,45.99,medium,low,8,name.com,,,09/09/2026 16:45
dd2766f7-0ca9-4a01-b563-59c56324b56e,transient.immo,available,34.99,34.99,high,low,9,namesilo,,,24/09/2026 14:26
cc73f238-d1f3-4d6e-92ce-876409de094f,fireman.immo,available,28.15,28.15,high,low,7,spaceship,,,29/09/2026 06:56
1becdf4a-0527-4f0f-994e-6a09af4cb026,devoted.immo,available,36.98,43.98,high,low,7,namecheap,,,24/09/2026 08:04
8ae39cbf-ebe8-41ad-9be1-3c2a37558f5e,unstudied.immo,available,34.99,34.99,medium,low,9,namesilo,,,12/09/2026 06:07
7b893b12-b4d9-430c-8268-6cbf24ac7741,laying.immo,available,34.99,34.99,high,low,6,namesilo,,,25/09/2026 22:34
90f601bd-ed8c-45ef-a3f4-0e217b045941,cynic.immo,available,36.98,43.98,medium,low,5,namecheap,,,24/09/2026 20:49
2752b004-0bee-412a-91bc-13a0c21c11a9,cultivated.immo,available,14.99,45.99,high,low,10,name.com,,,13/08/2026 10:14
1aa52ce7-84ab-49b9-9ce9-66ea96356b49,chooses.immo,available,27.2,27.2,low,low,7,cloudflare,,,28/09/2026 18:06
12a224c7-cd2f-4cb6-b2dd-beff408cdab5,inductive.immo,available,14.99,45.99,medium,low,9,name.com,,,22/08/2026 03:29
9f1305de-9fd6-46a9-9634-6677a665ddfa,waltz.immo,available,8.24,29.11,high,low,5,dynadot,,,28/09/2026 15:32
f133c4e2-a9c7-4437-bccf-1397cad40112,irrigation.immo,available,8.24,29.11,high,low,10,dynadot,,,29/09/2026 19:22
88e11709-d9db-44d6-b54d-55bb30b7bda0,league.immo,available,27.2,27.2,high,low,6,cloudflare,,,30/09/2026 02:33
6490373b-3184-495a-a933-5ac4b8ac957b,entrance.immo,available,14.99,45.99,high,low,8,name.com,,,22/08/2026 01:46
a5c573a4-f1f6-4101-9def-2eba8be41c5c,reid.immo,available,36.98,43.98,high,low,4,namecheap,,,25/09/2026 10:17